Year,ABBcode,YrStatAbbCD,Any Congregation,No Congregation,Evangel. Prot Congregation,Roman Catholic,Mainline Prot,"Other, inc LDS"
2012,AK0,2012AK0,33.90910844,66.09089156,14.2150934,7.161895214,14.2150934,4.529512229
2012,AL1,2012AL1,59.47555948,40.52444052,36.10764396,6.78613189,36.39855555,0.541098023
2012,AL2,2012AL2,62.58523879,37.41476121,41.72422102,1.970163534,40.49969264,0.965947133
2012,AL3,2012AL3,59.78441825,40.21558175,38.75460441,2.244027787,37.78780685,0.657860429
2012,AL4,2012AL4,68.26852354,31.73147646,54.70681561,5.247778042,50.27133695,0.588446629
2012,AL5,2012AL5,55.21503007,44.78496993,39.34660792,3.651288481,38.62425496,0.950046778
2012,AL6,2012AL6,65.74622778,34.25377222,42.36476854,4.729974875,44.60064512,0.687482937
2012,AL7,2012AL7,70.57707119,29.42292881,41.81620255,4.780107773,41.01742281,0.699430291
2012,AR1,2012AR1,54.51261753,45.48738247,42.67174063,1.582099015,41.61473303,0.719588196
2012,AR2,2012AR2,52.89182394,47.10817606,35.19924086,4.805310783,35.19868567,0.878918035
2012,AR3,2012AR3,53.85976046,46.14023954,37.04647906,7.375717877,37.29175228,1.4410593
2012,AR4,2012AR4,60.98721807,39.01278193,41.87026103,2.293502964,41.83026665,0.800958642
2012,AZ1,2012AZ1,32.67200055,67.32799945,8.684032542,10.10688852,12.10501365,6.283430195
2012,AZ2,2012AZ2,35.64420176,64.35579824,12.45906614,12.6739814,10.08007312,3.291804942
2012,AZ3,2012AZ3,39.07346827,60.92653173,14.00148332,13.63990153,12.43639363,5.40309557
2012,AZ4,2012AZ4,39.07346827,60.92653173,14.00148332,13.63990153,12.66274554,5.879818455
2012,AZ5,2012AZ5,39.07346827,60.92653173,14.00148332,13.63990153,14.00148332,6.359040082
2012,AZ6,2012AZ6,36.46558349,63.53441651,12.71780866,13.16054735,14.00148332,6.359040082
2012,AZ7,2012AZ7,37.42042829,62.57957171,10.04666764,19.18711077,14.00148332,6.359040082
2012,AZ8,2012AZ8,39.70472323,60.29527677,10.01043214,20.63676405,14.00148332,6.359040082
2012,AZ9,2012AZ9,34.3960011,65.6039989,7.172286073,19.35102087,14.00148332,6.359040082
2012,CA1,2012CA1,37.71689701,62.28310299,8.601140054,20.52467349,13.77701834,3.826525747
2012,CA10,2012CA10,41.43990294,58.56009706,9.122087112,24.03729024,11.16190835,1.900520103
2012,CA11,2012CA11,43.82108249,56.17891751,3.516048502,29.89771388,7.732894831,3.017183078
2012,CA12,2012CA12,33.74050088,66.25949912,8.172175722,15.32837484,3.768837669,2.851187
2012,CA13,2012CA13,43.04660952,56.95339048,6.481666314,27.26229007,8.172175722,2.113722853
2012,CA14,2012CA14,43.55689864,56.44310136,8.340564491,25.10992669,3.617477617,3.074145626
2012,CA15,2012CA15,43.55689864,56.44310136,8.340564491,25.10992669,7.992119708,3.168267564
2012,CA16,2012CA16,45.29345012,54.70654988,5.501777185,32.89129609,12.54356417,2.576067792
2012,CA17,2012CA17,46.20859442,53.79140558,11.10728446,29.46138898,8.263310725,2.604056491
2012,CA18,2012CA18,46.8883664,53.1116336,12.56867365,28.26264128,6.77682151,2.459827349
2012,CA19,2012CA19,31.52351938,68.47648062,11.57331808,12.98135617,8.340564491,2.049998808
2012,CA2,2012CA2,51.10543276,48.89456724,12.14924763,32.87124629,5.238791107,0.735561668
2012,CA20,2012CA20,45.52061213,54.47938787,12.70112059,26.62012386,7.507109193,1.650630913
2012,CA21,2012CA21,49.65341353,50.34658647,12.42786107,30.73282986,12.85394898,1.257673825
2012,CA22,2012CA22,47.76769049,52.23230951,7.778285323,32.01005427,13.06172316,1.814327065
2012,CA23,2012CA23,45.27862871,54.72137129,8.400081583,29.31180786,8.852101475,2.18434113
2012,CA24,2012CA24,50.08487176,49.91512824,9.183087217,32.9674666,8.280251838,1.508788355
2012,CA25,2012CA25,47.43790899,52.56209101,9.881431713,29.94939776,8.343905514,1.50908153
2012,CA26,2012CA26,53.10438703,46.89561297,8.29660629,36.08449469,8.343905514,1.388550562
2012,CA27,2012CA27,53.10438703,46.89561297,8.29660629,36.08449469,8.926535466,1.412094577
2012,CA28,2012CA28,53.10438703,46.89561297,8.29660629,36.08449469,8.29660629,2.2239162
2012,CA29,2012CA29,38.27283441,61.72716559,10.81182227,18.19273826,8.29660629,2.123224848
2012,CA3,2012CA3,53.10438703,46.89561297,8.29660629,36.08449469,10.64570397,1.616191827
2012,CA30,2012CA30,53.10438703,46.89561297,8.29660629,36.08449469,8.343905514,2.213798332
2012,CA31,2012CA31,53.10438703,46.89561297,8.29660629,36.08449469,11.96554655,1.603958232
2012,CA32,2012CA32,53.10438703,46.89561297,8.29660629,36.08449469,8.29660629,1.603958232
2012,CA33,2012CA33,53.10438703,46.89561297,8.29660629,36.08449469,8.29660629,1.711541812
2012,CA34,2012CA34,53.10438703,46.89561297,8.29660629,36.08449469,8.29660629,1.533507051
2012,CA35,2012CA35,53.10438703,46.89561297,8.29660629,36.08449469,8.926535466,1.533507051
2012,CA36,2012CA36,53.10438703,46.89561297,8.29660629,36.08449469,10.97467576,1.603958232
2012,CA37,2012CA37,53.10438703,46.89561297,8.29660629,36.08449469,8.29660629,2.570447276
2012,CA38,2012CA38,53.10438703,46.89561297,8.29660629,36.08449469,9.046057721,1.533507051
2012,CA39,2012CA39,33.44222096,66.55777904,13.66844598,12.95404101,9.445798981,1.533507051
2012,CA4,2012CA4,45.76341624,54.23658376,11.49057614,26.49207769,13.38903197,1.533507051
2012,CA40,2012CA40,40.98955236,59.01044764,11.74216441,23.15443659,8.29660629,1.711541812
2012,CA41,2012CA41,45.84470322,54.15529678,10.9759579,27.2890776,10.97467576,2.372854728
2012,CA42,2012CA42,39.98624221,60.01375779,11.96554655,21.8814766,10.97467576,1.533507051
2012,CA43,2012CA43,44.63204857,55.36795143,11.05064111,27.37548677,8.29660629,1.694159806
2012,CA44,2012CA44,44.43669076,55.56330924,10.97467576,27.52802857,8.29660629,1.814142541
2012,CA45,2012CA45,47.65908558,52.34091442,10.66579276,28.96914119,11.49057614,1.533507051
2012,CA46,2012CA46,45.76341624,54.23658376,11.49057614,26.49207769,11.49057614,2.372854728
2012,CA47,2012CA47,45.76341624,54.23658376,11.49057614,26.49207769,9.046057721,2.372854728
2012,CA48,2012CA48,44.16176869,55.83823131,10.33548207,26.6691375,11.49057614,1.533507051
2012,CA49,2012CA49,37.07283963,62.92716037,11.10955266,16.19163681,10.61679179,1.533507051
2012,CA5,2012CA5,43.91727105,56.08272895,9.767025176,25.90529617,8.043090329,2.218167902
2012,CA50,2012CA50,42.69335914,57.30664086,9.194490875,26.43492345,10.26737413,2.218167902
2012,CA51,2012CA51,43.91727105,56.08272895,9.767025176,25.90529617,9.634321669,1.694159806
2012,CA52,2012CA52,43.91727105,56.08272895,9.767025176,25.90529617,9.767025176,2.218167902
2012,CA53,2012CA53,38.3117244,61.6882756,4.635994109,25.41285224,9.767025176,2.26461356
2012,CA6,2012CA6,38.13958403,61.86041597,9.089397193,20.9795859,10.49778438,2.335914371
2012,CA7,2012CA7,35.3077052,64.6922948,3.768837669,15.02517899,11.10955266,2.28280213
2012,CA8,2012CA8,33.74050088,66.25949912,8.172175722,15.32837484,11.86740737,2.309782565
2012,CA9,2012CA9,49.15183828,50.84816172,8.945672681,25.21860935,9.726274207,2.309782565
2012,CO1,2012CO1,32.63199929,67.36800071,8.866828719,16.10243137,10.85577815,2.095969776
2012,CO2,2012CO2,45.35088397,54.64911603,11.07909189,24.20647667,12.26888294,2.244593382
2012,CO3,2012CO3,38.283101,61.716899,14.31249269,14.47079967,10.58733339,4.729822819
2012,CO4,2012CO4,33.59421795,66.40578205,15.12262048,9.118792407,11.12595292,2.753818497
2012,CO5,2012CO5,33.67081005,66.32918995,13.68831616,10.81460808,15.13341556,2.916090808
2012,CO6,2012CO6,33.47553867,66.52446133,11.16241591,14.47157971,11.51584478,3.003377029
2012,CO7,2012CO7,48.7618747,51.2381253,5.325666995,30.72806639,10.58878487,2.312666343
2012,CT1,2012CT1,44.13690787,55.86309213,3.445539194,30.92124483,4.727848613,0.359310093
2012,CT2,2012CT2,49.66202316,50.33797684,3.896918969,35.64645478,4.294704299,0.408618022
2012,CT3,2012CT3,62.96968045,37.03031955,5.092042975,43.9446229,4.33680106,0.421803389
2012,CT4,2012CT4,50.86081605,49.13918395,4.281388524,34.40120733,4.517042038,0.423816926
2012,CT5,2012CT5,41.75329144,58.24670856,7.197076845,20.32799738,4.731481427,0.397031761
2012,DE0,2012DE0,48.69260127,51.30739873,29.51179988,5.181938907,7.197076845,0.538124183
2012,FL1,2012FL1,36.01569813,63.98430187,10.14923484,12.32327597,29.26333354,1.332324985
2012,FL10,2012FL10,39.31903866,60.68096134,17.29354489,11.03044343,20.50160799,1.225122056
2012,FL11,2012FL11,40.18949488,59.81050512,21.91614393,8.95008196,15.91258409,1.186121646
2012,FL12,2012FL12,41.33745468,58.66254532,14.5303171,17.54331615,13.7781966,1.110198903
2012,FL13,2012FL13,37.00960417,62.99039583,13.40862504,16.09955366,10.14923484,0.982972994
2012,FL14,2012FL14,37.71383885,62.28616115,13.60773014,15.32214113,14.77680719,0.766591942
2012,FL15,2012FL15,34.78760067,65.21239933,12.65898741,14.10456572,20.33930698,0.878800465
2012,FL16,2012FL16,38.93036229,61.06963771,11.36702404,20.24632108,13.46255986,0.916403993
2012,FL17,2012FL17,39.10279059,60.89720941,10.49501759,21.44514883,18.24186683,0.926001222
2012,FL18,2012FL18,36.65938703,63.34061297,11.41573793,15.94619402,10.81559257,0.873354545
2012,FL19,2012FL19,44.23881089,55.76118911,25.58306911,4.075568726,13.27942706,0.638550122
2012,FL2,2012FL2,37.20135095,62.79864905,12.36808372,16.97993617,25.41208525,0.617552811
2012,FL20,2012FL20,39.2232382,60.7767618,11.1974553,20.79961153,11.95491964,0.573568914
2012,FL21,2012FL21,36.66665985,63.33334015,11.62854691,15.96162767,11.89609543,0.663958079
2012,FL22,2012FL22,36.17537978,63.82462022,11.89671794,15.69969906,11.89609543,0.740339897
2012,FL23,2012FL23,38.84674723,61.15325277,17.00768809,12.82337233,11.61672479,0.479580111
2012,FL24,2012FL24,39.02264011,60.97735989,10.93917809,20.82807599,11.61672479,0.642042232
2012,FL25,2012FL25,46.63625995,53.36374005,23.90656347,10.28078003,11.63329577,0.446211275
2012,FL26,2012FL26,50.86940647,49.13059353,29.50943412,7.263348349,10.77903504,0.509532328
2012,FL27,2012FL27,29.24842529,70.75157471,14.1504987,8.49720044,10.88808641,0.45492286
2012,FL3,2012FL3,42.1142054,57.8857946,22.75127786,8.990998675,22.95989866,0.460726159
2012,FL4,2012FL4,36.83587555,63.16412445,15.29535303,13.3491742,30.46070663,0.460726159
2012,FL5,2012FL5,40.89556659,59.10443341,18.68137098,11.99853034,21.98904711,0.537966654
2012,FL6,2012FL6,34.05494488,65.94505512,13.56716636,10.68761182,15.49622554,0.537966654
2012,FL7,2012FL7,48.16425746,51.83574254,31.37656849,3.649662587,17.88401598,0.534769577
2012,FL8,2012FL8,48.9266865,51.0733135,30.69902325,4.222403345,16.80205324,0.592560882
2012,FL9,2012FL9,49.21464789,50.78535211,32.82070724,6.270283921,19.91386081,0.585955573
2012,GA1,2012GA1,50.11266356,49.88733644,27.22615626,4.479183801,28.84056055,1.203189572
2012,GA10,2012GA10,50.50535368,49.49464632,28.35721975,7.505875595,24.31037475,0.789455786
2012,GA11,2012GA11,52.26706671,47.73293329,33.02612377,2.32333327,25.80099856,0.90794012
2012,GA12,2012GA12,51.34917937,48.65082063,35.07299016,3.823972555,29.51881655,0.645154771
2012,GA13,2012GA13,46.79790129,53.20209871,21.0140429,8.771529297,26.64953104,0.583632228
2012,GA14,2012GA14,62.04424967,37.95575033,21.84417866,9.676330319,34.87595031,0.700310186
2012,GA2,2012GA2,55.28426704,44.71573296,25.02836,8.606030461,32.47163054,0.785557567
2012,GA3,2012GA3,44.01077921,55.98922079,24.60014381,7.395359077,34.62851168,0.950025546
2012,GA4,2012GA4,52.10763951,47.89236049,35.04210216,2.74289514,22.3251844,0.752485571
2012,GA5,2012GA5,52.63364328,47.36635672,35.23806779,9.871026539,22.30073433,0.767109359
2012,GA6,2012GA6,39.29471773,60.70528227,9.684150452,18.22437309,23.38834332,0.837266959
2012,GA7,2012GA7,43.20754805,56.79245195,9.474838276,18.46847218,24.4697359,1.039448373
2012,GA8,2012GA8,57.43214356,42.56785644,9.7377285,24.19392968,35.99668762,0.775387012
2012,GA9,2012GA9,45.21322175,54.78677825,11.87650599,13.98150296,34.07612035,0.583473729
2012,HI1,2012HI1,46.83873319,53.16126681,13.31130201,13.17596821,9.684150452,5.1143141
2012,HI2,2012HI2,60.82590769,39.17409231,13.59996194,15.48941979,9.576189387,5.136510228
2012,IA1,2012IA1,60.19537521,39.80462479,17.69771739,16.09845303,10.87561125,0.60416415
2012,IA2,2012IA2,42.19634192,57.80365808,17.6825036,7.924703437,11.68161718,0.957296514
2012,IA3,2012IA3,61.51590168,38.48409832,7.258533774,7.810844446,12.35786726,1.045676801
2012,IA4,2012IA4,59.621035,40.378965,8.334977645,37.48498222,17.91874953,0.624761184
2012,ID1,2012ID1,56.85885774,43.14114226,10.10763051,33.90010803,17.0592199,12.6567452
2012,ID2,2012ID2,46.47176544,53.52823456,10.21661795,25.67633246,8.817989409,35.44172687
2012,IL1,2012IL1,51.97349724,48.02650276,23.82023358,14.32824069,8.163484602,0.312981344
2012,IL10,2012IL10,60.06769631,39.93230369,10.10587067,36.670268,8.773550021,0.313564832
2012,IL11,2012IL11,50.17745238,49.82254762,9.544041224,27.72882039,8.862993189,0.327050817
2012,IL12,2012IL12,42.72889144,57.27110856,20.0859759,7.636434915,24.44530222,0.317786965
2012,IL13,2012IL13,52.01565518,47.98434482,14.57296507,23.10859874,19.98188681,0.332695257
2012,IL14,2012IL14,48.58566281,51.41433719,17.59677802,12.19271506,10.2132907,0.371078231
2012,IL15,2012IL15,49.66086673,50.33913327,20.01973874,11.87617605,24.31794276,0.317786965
2012,IL16,2012IL16,54.98024388,45.01975612,27.51173424,15.08769155,10.45095233,0.350271048
2012,IL17,2012IL17,59.38222087,40.61777913,8.308967628,37.37719877,17.04918784,0.317786965
2012,IL18,2012IL18,59.621035,40.378965,8.334977645,37.48498222,21.0898328,0.342379297
2012,IL2,2012IL2,59.621035,40.378965,8.334977645,37.48498222,8.28214453,0.346332821
2012,IL3,2012IL3,59.621035,40.378965,8.334977645,37.48498222,8.842509065,0.618520243
2012,IL4,2012IL4,68.45550391,31.54449609,11.93178925,39.91752148,8.334977645,0.588202157
2012,IL5,2012IL5,59.621035,40.378965,8.334977645,37.48498222,9.063552763,0.44929921
2012,IL6,2012IL6,55.64297779,44.35702221,10.10176603,33.18301611,9.314499502,0.531242326
2012,IL7,2012IL7,59.621035,40.378965,8.334977645,37.48498222,8.334977645,0.37369844
2012,IL8,2012IL8,51.36693044,48.63306956,18.25313823,19.51326446,9.124310308,0.582077513
2012,IL9,2012IL9,49.37023601,50.62976399,15.22625916,13.24717352,8.334977645,0.67508255
2012,IN1,2012IN1,45.90951257,54.09048743,24.10279712,10.98754279,17.44278098,0.364595143
2012,IN2,2012IN2,40.87084165,59.12915835,19.88733738,9.245623136,16.9324851,0.519233882
2012,IN3,2012IN3,42.13096242,57.86903758,18.72740412,10.0966678,24.74109366,0.484598476
2012,IN4,2012IN4,40.97767561,59.02232439,20.78709689,7.210640113,18.91452065,0.852087446
2012,IN5,2012IN5,42.41520579,57.58479421,15.86673795,11.06827261,17.66296043,0.620060178
2012,IN6,2012IN6,42.99977892,57.00022108,20.39054913,10.16895873,18.11022869,0.747195116
2012,IN7,2012IN7,43.58085574,56.41914426,18.29385251,12.5575515,15.86673795,0.557675342
2012,IN8,2012IN8,56.86224758,43.13775242,19.33792201,16.84653877,19.34834701,0.667061475
2012,IN9,2012IN9,43.67797054,56.32202946,15.24616693,11.8920816,22.43769836,0.888778576
2012,KS1,2012KS1,51.3956757,48.6043243,17.05316608,17.25419863,18.34094485,1.216775843
2012,KS2,2012KS2,50.98635225,49.01364775,20.95898078,13.79308643,15.87623074,1.347868091
2012,KS3,2012KS3,61.8645028,38.1354972,47.43562574,3.641378698,17.65202438,1.081730933
2012,KS4,2012KS4,53.83886083,46.16113917,36.61602307,9.375292619,20.50472836,1.194312638
2012,KY1,2012KY1,54.75660373,45.24339627,24.30845666,16.27589408,46.6826961,0.757132237
2012,KY2,2012KY2,47.7277605,52.2722395,25.42479145,13.71664591,37.46344461,0.89431084
2012,KY3,2012KY3,40.23487681,59.76512319,34.45159769,0.715686881,24.30845666,0.638243898
2012,KY4,2012KY4,50.69814517,49.30185483,32.9292969,5.210894086,25.52614287,0.715596518
2012,KY5,2012KY5,51.87101107,48.12898893,18.34132405,24.79561692,35.23121508,0.416889392
2012,KY6,2012KY6,55.07346126,44.92653874,10.94660931,32.15454346,29.43088278,0.937824472
2012,LA1,2012LA1,60.68250809,39.31749191,9.161395514,46.80520608,13.39957878,0.631036197
2012,LA2,2012LA2,60.86002345,39.13997655,39.53610846,5.645617771,16.11585339,0.652124453
2012,LA3,2012LA3,62.55066062,37.44933938,40.77054106,11.61087449,14.94907205,0.405988146
2012,LA4,2012LA4,60.3596236,39.6403764,25.90093316,21.16797344,35.52669498,0.764826022
2012,LA5,2012LA5,71.50801199,28.49198801,16.43508901,45.3819792,35.01688576,0.692636506
2012,LA6,2012LA6,50.29363481,49.70636519,3.36137306,37.90564962,19.99790541,0.65881224
2012,MA1,2012MA1,51.21053375,48.78946625,2.321172822,39.75736822,4.003973592,0.367964021
2012,MA2,2012MA2,55.86597049,44.13402951,4.154990346,43.31245815,3.398117968,0.304576885
2012,MA3,2012MA3,56.80620333,43.19379667,3.812284287,44.79494783,3.274636462,0.450604901
2012,MA4,2012MA4,59.51876361,40.48123639,2.85242699,49.50649183,3.038779627,0.371368215
2012,MA5,2012MA5,59.71758093,40.28241907,2.834526122,46.88630655,4.211551563,0.486496498
2012,MA6,2012MA6,57.94990941,42.05009059,2.802256057,46.35459486,2.768844346,0.487391396
2012,MA7,2012MA7,61.45152925,38.54847075,3.170939403,47.60097433,3.492971928,0.452285565
2012,MA8,2012MA8,61.35117157,38.64882843,5.635492481,46.54994136,3.768723238,0.297158095
2012,MA9,2012MA9,58.11434659,41.88565341,3.334299659,46.24806416,2.929929172,0.261938297
2012,MD1,2012MD1,37.91705282,62.08294718,10.32421296,12.58400976,9.054113665,0.461645106
2012,MD2,2012MD2,41.47298761,58.52701239,9.11648427,17.42183106,10.11385434,0.4975242
2012,MD3,2012MD3,41.83830326,58.16169674,9.982360225,16.56500369,10.33756937,0.715870992
2012,MD4,2012MD4,43.18752468,56.81247532,16.78886496,10.87159589,15.97486503,0.738860704
2012,MD5,2012MD5,44.13736571,55.86263429,14.91848769,17.62817817,14.72516745,0.75744395
2012,MD6,2012MD6,41.42259042,58.57740958,11.0969693,13.69474649,11.30139336,1.19757768
2012,MD7,2012MD7,44.89829137,55.10170863,12.23193062,14.87040179,10.75878172,0.397122134
2012,MD8,2012MD8,40.07596404,59.92403596,11.57564554,12.37252526,10.16850592,1.207101092
2012,ME1,2012ME1,28.97299639,71.02700361,4.028819002,15.41592991,4.072675883,0.74840733
2012,ME2,2012ME2,26.27191387,73.72808613,4.867611649,13.19219877,4.857243234,0.931668626
2012,MI1,2012MI1,44.08269918,55.91730082,11.07944215,21.6525154,10.46575116,0.473109111
2012,MI10,2012MI10,40.66597684,59.33402316,9.774863268,24.49818702,9.99634076,0.407336483
2012,MI11,2012MI11,45.55937935,54.44062065,10.99463398,18.73202748,11.24105426,0.523569264
2012,MI12,2012MI12,45.26312228,54.73687772,9.890770067,28.00465519,9.666870634,0.550427712
2012,MI13,2012MI13,43.31066295,56.68933705,10.10582319,16.32899114,10.10582319,0.399882105
2012,MI14,2012MI14,43.31066295,56.68933705,10.10582319,16.32899114,11.24105426,0.498872103
2012,MI2,2012MI2,39.81547666,60.18452334,10.44987004,15.87093991,20.04413207,0.623845577
2012,MI3,2012MI3,40.6112708,59.3887292,17.69320167,9.89704459,19.50803512,0.440505605
2012,MI4,2012MI4,50.12480721,49.87519279,21.03394714,17.79776721,13.69079529,0.293930526
2012,MI5,2012MI5,37.18398203,62.81601797,13.46979248,13.75568369,15.3936565,0.247570444
2012,MI6,2012MI6,42.09633676,57.90366324,15.40796826,13.82417957,14.46856146,0.329777641
2012,MI7,2012MI7,37.54648409,62.45351591,14.84342396,10.84387205,12.20627881,0.393465335
2012,MI8,2012MI8,32.59660349,67.40339651,13.49365768,10.27613033,12.49501269,0.30709926
2012,MI9,2012MI9,40.41505067,59.58494933,11.23245485,18.79664867,11.16843012,0.329777641
2012,MN1,2012MN1,50.5317866,49.4682134,12.95999042,24.04567011,16.83040699,0.626653389
2012,MN2,2012MN2,69.84969674,30.15030326,18.36433168,22.94087161,12.89659555,0.638425492
2012,MN3,2012MN3,54.24885673,45.75114327,12.60459891,24.91097994,14.29495189,0.568502666
2012,MN4,2012MN4,53.91561426,46.08438574,14.15183217,19.04827491,9.549182084,0.774127717
2012,MN5,2012MN5,51.74723561,48.25276439,9.196629832,25.09115383,12.74857436,0.609766812
2012,MN6,2012MN6,53.90973015,46.09026985,14.12022524,19.06529046,13.8108373,0.586254182
2012,MN7,2012MN7,51.2331554,48.7668446,13.45241219,24.80848736,16.91529511,0.420413756
2012,MN8,2012MN8,68.92385627,31.07614373,18.54012731,19.34076728,12.08210196,0.691349972
2012,MO1,2012MO1,48.0826186,51.9173814,12.18206801,17.41179713,14.88930763,0.603831752
2012,MO2,2012MO2,50.24665825,49.75334175,14.80639305,21.09089404,17.46767779,0.707273985
2012,MO3,2012MO3,50.11505063,49.88494937,17.66941732,22.44749043,20.96445797,0.750467737
2012,MO4,2012MO4,44.87962066,55.12037934,15.53965465,18.15550953,29.32288561,1.242155027
2012,MO5,2012MO5,49.97287992,50.02712008,32.10352368,6.654925053,24.24037888,1.816371722
2012,MO6,2012MO6,51.37941293,48.62058707,22.90641222,9.95719212,25.57152914,1.650894623
2012,MO7,2012MO7,50.05733135,49.94266865,25.84847411,9.443707873,37.37812949,1.462317355
2012,MO8,2012MO8,51.02566257,48.97433743,37.20298164,4.926383159,30.1262054,0.706728198
2012,MS1,2012MS1,48.11592752,51.88407248,34.47673786,6.671518143,42.84495267,0.595920122
2012,MS2,2012MS2,47.39815446,52.60184554,25.17611362,10.97984172,34.87281166,0.478376138
2012,MS3,2012MS3,60.82868179,39.17131821,44.02195465,1.799966994,41.98794267,0.609340387
2012,MS4,2012MS4,58.21163701,41.78836299,33.67209198,2.662989204,35.18011289,1.077108147
2012,MT0,2012MT0,61.90111351,38.09888649,44.11552769,2.453657009,12.23591718,4.698129703
2012,NC1,2012NC1,53.84202764,46.15797236,34.82371347,8.213956221,25.97004568,0.787891054
2012,NC10,2012NC10,38.10089801,61.89910199,12.23591718,12.89772239,38.75912789,0.971104584
2012,NC11,2012NC11,43.13612877,56.86387123,26.66493759,1.842907169,39.93859664,1.051562198
2012,NC12,2012NC12,58.98101713,41.01898287,39.91767538,2.423392719,24.37492767,0.997321547
2012,NC13,2012NC13,53.64540596,46.35459404,38.54724733,3.520104044,21.92654777,0.650358043
2012,NC2,2012NC2,49.81725643,50.18274357,24.06688192,5.438543097,21.42765799,0.869779023
2012,NC3,2012NC3,44.85700561,55.14299439,21.35416938,6.915156124,22.4593278,1.03010954
2012,NC4,2012NC4,42.06852905,57.93147095,25.63873599,3.624864221,20.73300238,0.638388957
2012,NC5,2012NC5,39.2430151,60.7569849,21.82695889,3.188510623,29.89633257,0.828518921
2012,NC6,2012NC6,44.42087637,55.57912363,18.47819112,8.262330092,23.21799381,0.711353042
2012,NC7,2012NC7,51.31831977,48.68168023,33.20755766,2.985220457,26.53094653,0.683430941
2012,NC8,2012NC8,43.8319726,56.1680274,22.73469683,2.998254491,25.58044125,0.77733855
2012,NC9,2012NC9,44.93527496,55.06472504,26.25625425,3.947768956,24.30408081,0.834404827
2012,ND0,2012ND0,49.74300913,50.25699087,28.60707262,4.093079337,11.68719177,1.030343849
2012,NE1,2012NE1,52.02666041,47.97333959,27.82957446,7.553515315,15.39541022,1.307885547
2012,NE2,2012NE2,67.12192105,32.87807895,11.68719177,24.88124284,12.5063984,1.504253273
2012,NE3,2012NE3,54.26141381,45.73858619,15.61476501,18.19583862,19.1216528,1.153265808
2012,NH1,2012NH1,51.0085893,48.9914107,12.5111179,23.48993779,3.563871332,0.628442845
2012,NH2,2012NH2,62.51109905,37.48890095,19.82127972,19.38888028,3.644144219,0.645739143
2012,NJ1,2012NJ1,35.99856855,64.00143145,3.371489247,25.06898075,6.037840245,0.336297323
2012,NJ10,2012NJ10,34.3070588,65.6929412,3.788104846,22.18393686,4.331996067,0.334057103
2012,NJ11,2012NJ11,51.46007248,48.53992752,6.187033956,31.85671785,4.42037726,0.404173994
2012,NJ12,2012NJ12,59.96129196,40.03870804,4.663368623,38.71923984,4.412433446,0.272393324
2012,NJ2,2012NJ2,57.5287676,42.4712324,4.912574327,39.70378643,5.283395285,0.293817397
2012,NJ3,2012NJ3,54.8198913,45.1801087,3.668791746,37.76631859,3.731684647,0.220866273
2012,NJ4,2012NJ4,58.48425368,41.51574632,3.619606748,41.9622765,3.038463005,0.415214882
2012,NJ5,2012NJ5,42.37463128,57.62536872,6.830424168,22.91305352,3.710631323,0.440477647
2012,NJ6,2012NJ6,45.33970982,54.66029018,4.044539391,28.01066303,3.146771575,0.419776851
2012,NJ7,2012NJ7,50.47457348,49.52542652,3.358730639,32.92130765,4.71699107,0.571279775
2012,NJ8,2012NJ8,57.81083251,42.18916749,3.564930634,41.80969766,4.129517282,0.509877845
2012,NJ9,2012NJ9,57.15347376,42.84652624,3.311346719,40.76660207,3.600544544,0.304226166
2012,NM1,2012NM1,56.57661319,43.42338681,4.371847487,38.8044756,10.46500014,2.238745907
2012,NM2,2012NM2,57.36113453,42.63886547,4.164787884,37.50746067,14.31351523,2.917148306
2012,NM3,2012NM3,63.02977517,36.97022483,3.587397796,46.62807997,12.16038252,3.638279979
2012,NV1,2012NV1,46.88953517,53.11046483,12.00031423,26.76719023,7.723640359,6.369752197
2012,NV2,2012NV2,49.70025284,50.29974716,16.30438166,26.42423464,8.414449903,6.127649378
2012,NV3,2012NV3,53.66837022,46.33162978,12.2370043,31.96472551,7.723640359,6.369752197
2012,NV4,2012NV4,35.76129175,64.23870825,7.723640359,18.14767723,7.676905409,6.615122393
2012,NY1,2012NY1,31.24316755,68.75683245,8.274364824,13.48367544,3.944755081,0.227140322
2012,NY10,2012NY10,35.76129175,64.23870825,7.723640359,18.14767723,4.830252388,0.190195003
2012,NY11,2012NY11,72.10834701,27.89165299,3.944755081,58.89155255,4.931812755,0.313037907
2012,NY12,2012NY12,51.57703517,48.42296483,5.245099213,24.90501857,4.46535085,0.149007265
2012,NY13,2012NY13,51.57703517,48.42296483,5.245099213,24.90501857,4.23230576,0.348966768
2012,NY14,2012NY14,49.99650979,50.00349021,4.818435378,25.15796344,3.988378878,0.469040965
2012,NY15,2012NY15,61.0340961,38.9659039,3.888211787,44.92365881,4.297859806,0.441570912
2012,NY16,2012NY16,45.59553842,54.40446158,4.064592886,23.29899219,3.789058534,0.41303605
2012,NY17,2012NY17,43.90495864,56.09504136,4.177179175,20.47630008,3.659263959,0.363157264
2012,NY18,2012NY18,37.39802239,62.60197761,4.297859806,25.49245257,3.336524881,0.426590602
2012,NY19,2012NY19,54.05292265,45.94707735,4.392553756,33.53201927,3.801220034,0.350571562
2012,NY2,2012NY2,64.65724245,35.34275755,3.275214455,44.89800011,3.488743972,0.441570912
2012,NY20,2012NY20,55.95878349,44.04121651,3.46117993,39.24648774,4.54893457,0.470652623
2012,NY21,2012NY21,71.74837234,28.25162766,3.875038755,58.28861819,4.277240503,0.445043047
2012,NY22,2012NY22,40.65942448,59.34057552,4.301928554,25.12653399,4.599249131,0.406394303
2012,NY23,2012NY23,43.51305954,56.48694046,4.189864802,27.0944712,6.720611459,0.380683748
2012,NY24,2012NY24,44.87385549,55.12614451,4.022927098,27.07950657,5.043955367,0.291402284
2012,NY25,2012NY25,36.84112384,63.15887616,4.172545483,23.25141121,8.112512494,0.32289701
2012,NY26,2012NY26,39.78034614,60.21965386,4.009556189,24.18982541,5.866003704,0.311671917
2012,NY27,2012NY27,50.96394113,49.03605887,5.740373886,30.96172822,6.571777933,0.329210323
2012,NY3,2012NY3,47.19319127,52.80680873,6.544242146,28.09446806,3.624197311,0.695186039
2012,NY4,2012NY4,53.65943198,46.34056802,6.001685115,33.48941496,2.980369263,0.522867478
2012,NY5,2012NY5,49.67077161,50.32922839,7.069169606,29.79131684,3.490115829,0.799570463
2012,NY6,2012NY6,39.26328889,60.73671111,7.404859683,19.02947321,3.796214858,0.546968082
2012,NY7,2012NY7,68.34030615,31.65969385,3.21499826,52.58032699,4.46535085,0.572316026
2012,NY8,2012NY8,67.12881812,32.87118188,2.980369263,50.55116264,4.562571192,0.297047403
2012,NY9,2012NY9,53.08376292,46.91623708,3.627581181,34.54317502,5.245099213,0.41618637
2012,OH1,2012OH1,49.42426712,50.57573288,3.796214858,30.37222926,12.28736625,0.484401522
2012,OH10,2012OH10,42.48413473,57.51586527,4.085705254,27.55619674,16.55542634,0.50276517
2012,OH11,2012OH11,47.46680465,52.53319535,4.663126412,22.44822906,9.883237472,0.685912324
2012,OH12,2012OH12,50.09212234,49.90787766,4.245703585,28.67613145,12.56951416,0.49436047
2012,OH13,2012OH13,51.87294681,48.12705319,11.83532902,25.01378251,12.94883701,0.357818969
2012,OH14,2012OH14,52.71302267,47.28697733,8.317722842,28.62727146,9.721293489,0.381542297
2012,OH15,2012OH15,52.71302267,47.28697733,8.317722842,28.62727146,12.19786999,0.416892799
2012,OH16,2012OH16,37.92551063,62.07448937,11.25844185,12.57205369,11.53846154,0.793275813
2012,OH2,2012OH2,47.22860951,52.77139049,11.81413855,24.15313148,12.99461087,0.361098142
2012,OH3,2012OH3,47.04185471,52.95814529,9.916855928,26.87275775,12.39000046,0.812532036
2012,OH4,2012OH4,39.14887632,60.85112368,12.1905209,12.06686695,11.41442501,0.347329139
2012,OH5,2012OH5,48.99023879,51.00976121,18.41678399,15.24448224,12.63927152,0.679791872
2012,OH6,2012OH6,44.7397608,55.2602392,11.05374378,20.54412026,12.60762239,0.388043623
2012,OH7,2012OH7,36.94524214,63.05475786,17.04499843,5.489262348,16.96533877,0.406902875
2012,OH8,2012OH8,38.50831962,61.49168038,14.09640536,15.5127476,15.09680381,0.658191773
2012,OH9,2012OH9,43.24777609,56.75222391,17.16925895,12.27299222,9.024792231,0.379475085
2012,OK1,2012OK1,42.64628511,57.35371489,14.45340068,11.55425906,34.80769753,1.127173382
2012,OK2,2012OK2,53.36448628,46.63551372,15.04046702,21.49339868,45.80338424,0.95610831
2012,OK3,2012OK3,37.98524334,62.01475666,12.44750737,11.80590909,37.45827842,1.324269558
2012,OK4,2012OK4,33.84449214,66.15550786,12.82338823,8.768404433,41.242174,1.261545528
2012,OK5,2012OK5,41.02803528,58.97196472,15.80207788,13.84495786,46.17906305,0.998946601
2012,OR1,2012OR1,46.4610966,53.5389034,9.620564062,21.67755203,10.60114006,3.370266788
2012,OR2,2012OR2,59.0144047,40.9855953,34.59450626,6.943644057,11.90933287,4.999163935
2012,OR3,2012OR3,56.30728263,43.69271737,46.27467601,1.576673948,11.09431436,2.769574364
2012,OR4,2012OR4,56.07701618,43.92298382,37.93598946,3.991000894,11.69420297,3.869344251
2012,OR5,2012OR5,54.04556658,45.95443342,39.24119081,3.496239483,11.60587536,3.071985687
2012,PA1,2012PA1,71.4040542,28.5959458,46.25797743,7.7208733,6.661678621,0.326285321
2012,PA10,2012PA10,30.92183743,69.07816257,11.09405832,10.64958873,8.344764431,0.425688342
2012,PA11,2012PA11,30.68719364,69.31280636,11.86974325,9.551180524,8.312616695,0.426386532
2012,PA12,2012PA12,34.6325822,65.3674178,10.60519948,13.76301328,7.272161171,0.614106368
2012,PA13,2012PA13,25.7656953,74.2343047,11.75511883,5.635789222,7.251190947,0.515329458
2012,PA14,2012PA14,33.80055323,66.19944677,13.05592362,12.39811022,6.591116116,0.347440299
2012,PA15,2012PA15,50.46481064,49.53518936,7.156684066,27.23656947,7.73976233,0.277842923
2012,PA16,2012PA16,46.33436615,53.66563385,6.674323639,21.86728796,13.13865907,0.31555171
2012,PA17,2012PA17,53.55627193,46.44372807,5.741591254,33.46551823,5.455786004,0.425229059
2012,PA18,2012PA18,55.94811051,44.05188949,8.701511186,27.88355185,6.857243751,0.454951424
2012,PA2,2012PA2,56.5967448,43.4032552,7.118162959,31.59691511,7.251190947,0.506814638
2012,PA3,2012PA3,60.56976429,39.43023571,6.384201388,37.65666025,10.72852433,0.323327307
2012,PA4,2012PA4,52.97563469,47.02436531,6.035022846,24.59705859,11.11969112,0.425688342
2012,PA5,2012PA5,51.6939615,48.3060385,18.93357177,16.87615859,9.592776954,0.315766215
2012,PA6,2012PA6,48.99397612,51.00602388,8.817637855,16.69067552,7.210769239,0.434144878
2012,PA7,2012PA7,58.671851,41.328149,6.931756235,34.42695884,9.557538372,0.325226452
2012,PA8,2012PA8,43.35928389,56.64071611,11.34303071,11.00782578,5.873317601,0.31722936
2012,PA9,2012PA9,49.63681598,50.36318402,7.457143104,25.55749653,10.38318339,0.343319947
2012,RI1,2012RI1,54.91099197,45.08900803,10.13965335,27.40228555,2.451180491,0.311022741
2012,RI2,2012RI2,57.87020602,42.12979398,8.082340057,32.16156945,2.666002757,0.370187562
2012,SC1,2012SC1,47.14777271,52.85222729,10.12894528,17.87083013,19.21934271,0.928116322
2012,SC2,2012SC2,58.38429656,41.61570344,7.02307569,33.31886351,28.7569026,0.985884639
2012,SC3,2012SC3,63.99676792,36.00323208,4.98650184,44.95469382,41.47522572,0.558606847
2012,SC4,2012SC4,67.71082558,32.28917442,4.894914292,49.92156565,40.46472485,0.794390999
2012,SC5,2012SC5,45.58854711,54.41145289,13.84591607,12.52965619,34.58585871,0.962263914
2012,SC6,2012SC6,56.16286054,43.83713946,2.337776628,45.46879087,22.45619065,0.899123813
2012,SC7,2012SC7,53.49528562,46.50471438,2.644279727,43.22128259,25.78979766,0.705675889
2012,SD0,2012SD0,45.55399033,54.44600967,20.86517669,6.412096121,14.51055049,1.205138913
2012,TN1,2012TN1,47.55937431,52.44062569,24.18905455,4.372913639,41.9987181,0.638402291
2012,TN2,2012TN2,58.16773818,41.83226182,42.57767561,2.752998339,43.37979581,0.75121373
2012,TN3,2012TN3,59.05638979,40.94361021,41.11889005,4.000399811,45.41658465,0.595869558
2012,TN4,2012TN4,51.85969921,48.14030079,30.95624746,2.625348927,35.2373654,0.907973839
2012,TN5,2012TN5,52.33661027,47.66338973,24.97974106,2.907250427,33.01269687,0.81948195
2012,TN6,2012TN6,58.56591908,41.43408092,14.51055049,18.2862512,34.86835785,0.722722666
2012,TN7,2012TN7,54.32145308,45.67854692,41.98500409,1.651773653,37.21533897,0.933239594
2012,TN8,2012TN8,62.63879155,37.36120845,45.42414055,4.021592511,33.2693835,0.548842419
2012,TN9,2012TN9,59.23479092,40.76520908,44.78935243,2.765656553,28.07122129,0.622652656
2012,TX1,2012TX1,49.14506419,50.85493581,37.32975535,2.227268557,42.05842142,1.106639571
2012,TX10,2012TX10,55.93465781,44.06534219,33.47427824,4.282604914,24.10209926,1.086681626
2012,TX11,2012TX11,43.76318502,56.23681498,33.03701163,2.733396261,39.3433563,1.720605209
2012,TX12,2012TX12,55.59043406,44.40956594,33.01127278,5.08650543,30.95157494,1.460545501
2012,TX13,2012TX13,57.78445797,42.21554203,41.16281873,2.384210495,46.15842608,0.900551842
2012,TX14,2012TX14,63.40061489,36.59938511,28.07122129,6.597574069,27.59177728,1.173656622
2012,TX15,2012TX15,64.00176861,35.99823139,41.89296135,9.582074835,11.10453254,1.086681626
2012,TX16,2012TX16,52.82021366,47.17978634,21.74147036,17.45557271,10.87320629,1.096977607
2012,TX17,2012TX17,61.52869382,38.47130618,36.02057028,15.72413632,20.84718473,1.06906316
2012,TX18,2012TX18,54.21999077,45.78000923,32.12242116,9.556728815,26.32370905,1.047967667
2012,TX19,2012TX19,67.3162742,32.6837258,48.52369553,7.692610356,41.77450864,1.053107817
2012,TX2,2012TX2,56.35345623,43.64654377,23.92424929,21.00970989,26.32370905,1.184783748
2012,TX20,2012TX20,52.59256872,47.40743128,12.02011489,35.7879889,16.82636711,1.052820177
2012,TX21,2012TX21,57.72531465,42.27468535,10.87320629,43.20880488,16.94963838,1.240621513
2012,TX22,2012TX22,51.12951692,48.87048308,30.95512291,9.020505771,25.09348828,1.090230828
2012,TX23,2012TX23,58.39459846,41.60540154,26.32370905,18.12836732,15.03464066,1.5673574
2012,TX24,2012TX24,66.3176478,33.6823522,42.15073157,13.18205373,27.44881128,0.912005967
2012,TX25,2012TX25,64.14188077,35.85811923,28.27472887,20.81070364,25.95926697,1.086681626
2012,TX26,2012TX26,56.43516664,43.56483336,16.82636711,30.83947555,27.44881128,1.013065253
2012,TX27,2012TX27,52.66735276,47.33264724,18.09738501,23.76417348,21.9473616,1.428119057
2012,TX28,2012TX28,50.24703058,49.75296942,20.98764293,16.17691183,13.54077685,1.278226861
2012,TX29,2012TX29,54.58218559,45.41781441,15.59955236,31.51324791,26.32370905,1.077519535
2012,TX3,2012TX3,55.69864933,44.30135067,27.21985281,14.22254921,23.56146489,1.458737574
2012,TX30,2012TX30,48.99138758,51.00861242,16.66757821,20.21062759,26.00561031,1.1095323
2012,TX31,2012TX31,46.79767573,53.20232427,27.40037133,8.946428671,20.42463372,1.179552406
2012,TX32,2012TX32,56.38963556,43.61036444,15.98076857,33.9485868,25.39866941,1.1095323
2012,TX33,2012TX33,50.19082424,49.80917576,9.540216393,36.55889222,27.78240212,1.046237737
2012,TX34,2012TX34,58.39459846,41.60540154,26.32370905,18.12836732,11.62604025,1.348679531
2012,TX35,2012TX35,55.48005656,44.51994344,24.38743472,15.7875805,16.74913845,1.086681626
2012,TX36,2012TX36,61.44732214,38.55267786,26.00561031,18.8754123,27.08204884,0.927014842
2012,TX4,2012TX4,43.26339331,56.73660669,22.90895317,9.279112446,33.18121034,1.704292727
2012,TX5,2012TX5,61.44732214,38.55267786,26.00561031,18.8754123,27.27099747,1.124082679
2012,TX6,2012TX6,60.22205258,39.77794742,39.63231908,8.641263555,30.3568269,1.052123051
2012,TX7,2012TX7,55.986424,44.013576,30.80785686,13.34075545,26.32370905,1.387956911
2012,TX8,2012TX8,54.38308568,45.61691432,31.23097325,10.32419192,26.32832795,1.225152534
2012,TX9,2012TX9,58.39459846,41.60540154,26.32370905,18.12836732,24.6669078,1.13066984
2012,UT1,2012UT1,50.08270232,49.91729768,29.869675,10.28914938,2.962442094,69.7712004
2012,UT2,2012UT2,55.82315592,44.17684408,24.43315952,17.51797227,2.497873915,64.44348557
2012,UT3,2012UT3,80.12160699,19.87839301,2.839106993,6.744628685,2.026321891,68.45991542
2012,UT4,2012UT4,75.42233072,24.57766928,2.400001658,6.032971002,1.909376268,69.3797904
2012,VA1,2012VA1,81.55026446,18.44973554,1.647131029,4.6801174,16.90888438,1.13636809
2012,VA10,2012VA10,43.31137783,56.68862217,20.49020679,8.243376175,9.458756531,0.9970273
2012,VA11,2012VA11,44.8460962,55.1539038,9.862658571,16.02401275,9.849810097,0.92512525
2012,VA2,2012VA2,44.00608831,55.99391169,10.16379498,17.01031491,16.96497384,1.13900729
2012,VA3,2012VA3,40.07432423,59.92567577,16.21601032,8.592907881,22.58073548,0.724835027
2012,VA4,2012VA4,50.71996975,49.28003025,21.58346189,5.440053185,20.04986153,0.991078395
2012,VA5,2012VA5,41.45978138,58.54021862,21.24285288,4.634766807,25.88383169,1.053183655
2012,VA6,2012VA6,43.84089375,56.15910625,26.73388517,2.85173909,29.05069255,1.46769225
2012,VA7,2012VA7,55.1661744,44.8338256,30.78712772,3.740483618,22.48656403,1.131410577
2012,VA8,2012VA8,46.18610413,53.81389587,22.95418694,5.623265245,8.730337648,1.525213876
2012,VA9,2012VA9,42.70712467,57.29287533,7.843124042,16.16449896,27.14251014,1.357372039
2012,VT0,2012VT0,40.74962787,59.25037213,25.97179377,1.220447836,3.616512263,0.700609358
2012,WA1,2012WA1,33.62269693,66.37730307,3.616512263,20.50257215,11.16597612,3.003316316
2012,WA10,2012WA10,32.36140536,67.63859464,11.7084715,10.72737002,13.79179345,3.078218737
2012,WA2,2012WA2,30.86503733,69.13496267,11.94782314,9.9111084,11.95432687,4.689319941
2012,WA3,2012WA3,30.18291981,69.81708019,13.71979286,7.450866127,13.32029648,5.937386823
2012,WA4,2012WA4,40.93574847,59.06425153,12.20150605,17.83543364,12.41963996,4.827442656
2012,WA5,2012WA5,35.56681881,64.43318119,12.49974887,12.05184043,12.47671236,4.22002451
2012,WA6,2012WA6,31.37134899,68.62865101,13.06297378,8.037117154,13.8451211,3.012534297
2012,WA7,2012WA7,37.62689327,62.37310673,10.59019319,14.41243465,10.96115684,3.314939201
2012,WA8,2012WA8,37.09689173,62.90310827,11.62584723,13.14537579,12.0349946,3.305991548
2012,WA9,2012WA9,35.4253601,64.5746399,12.42726816,11.22653183,11.94084374,4.197212025
2012,WI1,2012WI1,45.43139113,54.56860887,11.89591102,21.41011832,13.19610055,0.434450431
2012,WI2,2012WI2,47.85139718,52.14860282,9.516714436,20.86737569,8.12655287,0.53700454
2012,WI3,2012WI3,55.12742182,44.87257818,12.83039831,21.66377024,13.49009459,0.513902288
2012,WI4,2012WI4,46.376466,53.623534,12.27115175,21.01357447,12.27115175,0.436303397
2012,WI5,2012WI5,57.41392903,42.58607097,17.15165597,28.15860205,15.31728841,0.417444011
2012,WI6,2012WI6,55.12226371,44.87773629,17.14343287,25.04963283,14.61341623,0.380930251
2012,WI7,2012WI7,57.7719888,42.2280112,15.50823136,27.49363499,15.6273973,0.410555231
2012,WI8,2012WI8,63.86683564,36.13316436,17.40793636,35.19895898,16.75324615,0.462846558
2012,WV1,2012WV1,41.11569812,58.88430188,11.87062798,9.697381942,11.87062798,0.992709309
2012,WV2,2012WV2,33.03311087,66.96688913,12.50844665,3.906286159,12.76112888,1.119411399
2012,WV3,2012WV3,32.42569423,67.57430577,16.22847166,1.833167181,15.80888141,0.591585368
2012,WY0,2012WY0,39.57837289,60.42162711,10.5117578,10.86216747,10.5117578,11.14285005
