,State,cycle,AreaNumber,avgDemVote,avgRepVote
0,AL,1970,1,40357.75,83821.0
1,AL,1970,2,53514.800000000003,77448.0
2,AL,1970,3,100045.0,27253.0
3,AL,1970,4,124764.5,40541.0
4,AL,1970,5,101303.0,33352.0
5,AL,1970,6,57126.400000000001,79767.199999999997
6,AL,1970,7,100123.5,22580.5
7,AL,1980,1,76813.333333333328,101851.0
8,AL,1980,2,74555.25,101098.5
9,AL,1980,3,108525.0,32043.0
10,AL,1980,4,132881.0,38588.0
11,AL,1980,5,116850.5,44484.5
12,AL,1980,6,124382.5,71247.0
13,AL,1980,7,123896.66666666667,63135.666666666664
14,AL,1990,1,66146.333333333328,121503.66666666667
15,AL,1990,2,70288.0,130638.39999999999
16,AL,1990,3,94695.25,81910.25
17,AL,1990,4,106405.5,103995.25
18,AL,1990,5,124503.5,77534.25
19,AL,1990,6,74335.25,159297.0
20,AL,1990,7,136341.0,42294.0
21,AL,2000,1,71405.0,127371.0
22,AL,2000,2,86348.0,136968.79999999999
23,AL,2000,3,89486.800000000003,120056.2
24,AL,2000,4,61579.0,172111.66666666666
25,AL,2000,5,149386.0,100198.5
26,AL,2000,6,64087.199999999997,152660.79999999999
27,AL,2000,7,160052.0,56454.5
28,AL,2010,1,48278.0,103758.0
29,AL,2010,2,89957.666666666672,142860.0
30,AL,2010,3,81835.333333333328,157009.33333333334
31,AL,2010,4,69706.0,199071.0
32,AL,2010,5,102003.0,197416.0
33,AL,2010,6,71422.333333333328,200173.33333333334
34,AL,2010,7,232520.0,73835.0
35,AK,1970,1,45444.599999999999,72002.600000000006
36,AK,1980,1,75134.800000000003,112650.60000000001
37,AK,1990,1,75653.600000000006,139951.60000000001
38,AK,2000,1,84095.199999999997,169993.39999999999
39,AK,2010,1,102849.33333333333,160985.33333333334
40,AZ,1970,1,50884.800000000003,91753.199999999997
41,AZ,1970,2,96755.0,65437.800000000003
42,AZ,1970,3,87986.5,76803.5
43,AZ,1970,4,72625.600000000006,97577.0
44,AZ,1980,1,52355.25,140885.75
45,AZ,1980,2,81787.75,32206.0
46,AZ,1980,3,72956.75,141654.0
47,AZ,1980,4,66823.666666666672,119800.66666666667
48,AZ,1980,5,82282.800000000003,123938.0
49,AZ,1990,1,88528.600000000006,114545.2
50,AZ,1990,2,75295.199999999997,33891.599999999999
51,AZ,1990,3,80127.600000000006,163103.60000000001
52,AZ,1990,4,67306.0,133329.60000000001
53,AZ,1990,5,80176.600000000006,155733.60000000001
54,AZ,1990,6,104169.39999999999,123828.60000000001
55,AZ,2000,1,103044.2,112533.60000000001
56,AZ,2000,2,93359.199999999997,154971.20000000001
57,AZ,2000,3,80282.0,118713.75
58,AZ,2000,4,65875.199999999997,23396.200000000001
59,AZ,2000,5,101308.39999999999,117935.8
60,AZ,2000,6,79142.333333333328,159108.33333333334
61,AZ,2000,7,90943.399999999994,55769.599999999999
62,AZ,2000,8,126571.0,138352.0
63,AZ,2010,1,120794.66666666667,107687.33333333333
64,AZ,2010,2,130918.0,144798.0
65,AZ,2010,3,78330.0,54424.0
66,AZ,2010,4,65209.666666666664,162984.66666666666
67,AZ,2010,5,86375.0,171173.66666666666
68,AZ,2010,6,96910.0,170287.33333333334
69,AZ,2010,7,119465.0,39286.0
70,AZ,2010,8,95635.0,172809.0
71,AZ,2010,9,126515.0,95940.333333333328
72,AR,1970,1,110232.0,31693.0
73,AR,1970,2,82373.5,75822.5
74,AR,1970,3,53753.0,121327.0
75,AR,1970,4,79185.199999999997,80528.800000000003
76,AR,1980,1,110338.66666666667,60811.666666666664
77,AR,1980,2,117452.0,66027.600000000006
78,AR,1980,3,53729.25,142633.75
79,AR,1980,4,119117.0,46607.25
80,AR,1990,1,117598.5,78909.5
81,AR,1990,2,118931.60000000001,79485.600000000006
82,AR,1990,3,94217.333333333328,130729.33333333333
83,AR,1990,4,86603.199999999997,104559.39999999999
84,AR,2000,1,124483.25,73937.0
85,AR,2000,2,122130.66666666667,106392.66666666667
86,AR,2000,3,78528.333333333328,144749.66666666666
87,AR,2000,4,116782.66666666667,64263.333333333336
88,AR,2010,1,80078.0,131469.5
89,AR,2010,2,109326.66666666667,152573.33333333334
90,AR,2010,3,89971.666666666672,151586.66666666666
91,AR,2010,4,91377.5,132469.0
92,CA,1970,1,117800.5,107260.0
93,CA,1970,2,105030.39999999999,107219.0
94,CA,1970,3,137965.20000000001,64053.199999999997
95,CA,1970,4,103124.75,65600.25
96,CA,1970,5,104794.0,57996.599999999999
97,CA,1970,6,91510.0,49867.599999999999
98,CA,1970,7,121750.2,65517.199999999997
99,CA,1970,8,104548.0,74558.199999999997
100,CA,1970,9,102302.2,46934.199999999997
101,CA,1970,10,92705.600000000006,58415.800000000003
102,CA,1970,11,101377.2,59329.800000000003
103,CA,1970,12,52712.800000000003,120075.8
104,CA,1970,13,100300.60000000001,85930.399999999994
105,CA,1970,14,108257.0,71494.399999999994
106,CA,1970,15,89229.0,38737.0
107,CA,1970,16,115151.0,64676.800000000003
108,CA,1970,17,73072.199999999997,87505.0
109,CA,1970,18,56712.0,98234.0
110,CA,1970,19,63710.400000000001,107657.60000000001
111,CA,1970,20,66616.199999999997,139254.39999999999
112,CA,1970,21,86752.399999999994,43012.599999999999
113,CA,1970,22,73803.199999999997,92951.199999999997
114,CA,1970,23,114351.8,75962.199999999997
115,CA,1970,24,87157.399999999994,64930.0
116,CA,1970,25,52812.5,44922.25
117,CA,1970,26,80307.0,94700.0
118,CA,1970,27,84342.600000000006,107192.0
119,CA,1970,28,100377.25,54563.5
120,CA,1970,29,80170.0,20559.0
121,CA,1970,30,73729.600000000006,27050.0
122,CA,1970,31,68527.5,39861.75
123,CA,1970,32,80644.0,61852.5
124,CA,1970,33,59223.0,102141.8
125,CA,1970,34,83595.600000000006,90424.399999999994
126,CA,1970,35,84741.800000000003,68546.399999999994
127,CA,1970,36,80460.199999999997,58809.199999999997
128,CA,1970,37,67639.399999999994,107653.2
129,CA,1970,38,83385.0,58262.400000000001
130,CA,1970,39,69625.399999999994,129669.2
131,CA,1970,40,74245.800000000003,156422.20000000001
132,CA,1970,41,93006.800000000003,99072.399999999994
133,CA,1970,42,79416.800000000003,66301.399999999994
134,CA,1970,43,72450.0,174714.79999999999
135,CA,1980,1,131848.60000000001,84727.199999999997
136,CA,1980,2,76426.0,131386.79999999999
137,CA,1980,3,158107.33333333334,66903.0
138,CA,1980,4,123009.75,70538.5
139,CA,1980,5,123962.2,44694.199999999997
140,CA,1980,6,143157.39999999999,66464.199999999997
141,CA,1980,7,140103.60000000001,71166.600000000006
142,CA,1980,8,134101.79999999999,83905.199999999997
143,CA,1980,9,120399.8,58493.800000000003
144,CA,1980,10,86461.75,44583.75
145,CA,1980,11,124062.39999999999,54345.0
146,CA,1980,12,82551.0,128790.60000000001
147,CA,1980,13,119923.60000000001,58791.599999999999
148,CA,1980,14,82804.399999999994,152456.79999999999
149,CA,1980,15,101013.8,46812.400000000001
150,CA,1980,16,147169.20000000001,40831.800000000003
151,CA,1980,17,62055.0,99255.199999999997
152,CA,1980,18,112035.75,54236.0
153,CA,1980,19,74192.600000000006,119775.2
154,CA,1980,20,59248.199999999997,136154.79999999999
155,CA,1980,21,61530.800000000003,148763.39999999999
156,CA,1980,22,53435.5,140065.0
157,CA,1980,23,126743.2,71834.399999999994
158,CA,1980,24,92364.0,39146.25
159,CA,1980,25,61691.0,19849.0
160,CA,1980,26,103503.0,57223.199999999997
161,CA,1980,27,115070.8,67846.399999999994
162,CA,1980,28,97692.600000000006,26746.400000000001
163,CA,1980,29,84691.199999999997,16275.6
164,CA,1980,30,60472.199999999997,42505.800000000003
165,CA,1980,31,84363.0,33733.199999999997
166,CA,1980,32,92259.399999999994,50488.800000000003
167,CA,1980,33,52308.0,126261.2
168,CA,1980,34,73902.600000000006,48026.0
169,CA,1980,35,56989.25,135706.5
170,CA,1980,36,87000.800000000003,69921.399999999994
171,CA,1980,37,83570.600000000006,133437.79999999999
172,CA,1980,38,58772.400000000001,72421.399999999994
173,CA,1980,39,49955.800000000003,144027.79999999999
174,CA,1980,40,72765.399999999994,150376.39999999999
175,CA,1980,41,77149.199999999997,145573.39999999999
176,CA,1980,42,62453.599999999999,144725.0
177,CA,1980,43,56642.0,157050.75
178,CA,1980,44,77583.399999999994,44134.199999999997
179,CA,1980,45,45571.25,138033.25
180,CA,1990,1,117453.2,92397.399999999994
181,CA,1990,2,70210.399999999994,149313.60000000001
182,CA,1990,3,103488.60000000001,101413.0
183,CA,1990,4,98662.0,160589.60000000001
184,CA,1990,5,140730.0,53559.0
185,CA,1990,6,165096.79999999999,84570.600000000006
186,CA,1990,7,138409.60000000001,45101.199999999997
187,CA,1990,8,166927.60000000001,25607.799999999999
188,CA,1990,9,154275.60000000001,34949.0
189,CA,1990,10,130089.39999999999,131282.60000000001
190,CA,1990,11,69550.600000000006,103472.60000000001
191,CA,1990,12,142240.79999999999,48101.599999999999
192,CA,1990,13,113246.0,49288.400000000001
193,CA,1990,14,141656.39999999999,72861.399999999994
194,CA,1990,15,113238.0,101524.0
195,CA,1990,16,93247.399999999994,39631.199999999997
196,CA,1990,17,120168.2,60442.0
197,CA,1990,18,106978.33333333333,51068.666666666664
198,CA,1990,19,75890.25,121736.0
199,CA,1990,20,64457.599999999999,45049.199999999997
200,CA,1990,21,53896.75,128271.75
201,CA,1990,22,110795.39999999999,108446.2
202,CA,1990,23,71918.199999999997,112853.60000000001
203,CA,1990,24,120433.2,84988.0
204,CA,1990,25,66172.0,121242.0
205,CA,1990,26,65492.333333333336,31402.666666666668
206,CA,1990,27,84733.800000000003,92878.399999999994
207,CA,1990,28,67821.800000000003,110617.0
208,CA,1990,29,149371.79999999999,51973.0
209,CA,1990,30,58495.800000000003,15816.4
210,CA,1990,31,62330.75,31072.5
211,CA,1990,32,118107.25,18876.0
212,CA,1990,33,45827.0,9549.75
213,CA,1990,34,88271.600000000006,38718.599999999999
214,CA,1990,35,90490.0,15376.25
215,CA,1990,36,107543.39999999999,100278.2
216,CA,1990,37,83514.0,13487.333333333334
217,CA,1990,38,70536.199999999997,84810.199999999997
218,CA,1990,39,62113.800000000003,116706.8
219,CA,1990,40,50970.75,110379.5
220,CA,1990,41,54958.199999999997,88158.399999999994
221,CA,1990,42,68725.199999999997,55049.400000000001
222,CA,1990,43,67901.25,88436.5
223,CA,1990,44,71581.199999999997,107449.60000000001
224,CA,1990,45,68751.399999999994,120900.60000000001
225,CA,1990,46,48949.599999999999,45514.199999999997
226,CA,1990,47,68415.800000000003,158645.79999999999
227,CA,1990,48,61142.25,147736.5
228,CA,1990,49,99866.800000000003,100258.0
229,CA,1990,50,76224.5,38340.75
230,CA,1990,51,72377.199999999997,145597.79999999999
231,CA,1990,52,64435.25,117571.75
232,CA,2000,1,159512.60000000001,68766.600000000006
233,CA,2000,2,85593.800000000003,145814.60000000001
234,CA,2000,3,100915.60000000001,144354.39999999999
235,CA,2000,4,119389.0,175585.60000000001
236,CA,2000,5,124973.60000000001,40910.800000000003
237,CA,2000,6,188250.20000000001,73227.0
238,CA,2000,7,139440.0,49248.5
239,CA,2000,8,174617.79999999999,26052.400000000001
240,CA,2000,9,187616.60000000001,25473.599999999999
241,CA,2000,10,160853.25,85451.75
242,CA,2000,11,112470.2,122141.2
243,CA,2000,12,153717.0,45676.199999999997
244,CA,2000,13,125392.60000000001,41890.800000000003
245,CA,2000,14,156487.60000000001,57506.800000000003
246,CA,2000,15,130904.60000000001,52269.400000000001
247,CA,2000,16,110568.60000000001,40923.199999999997
248,CA,2000,17,131796.20000000001,50719.199999999997
249,CA,2000,18,75987.0,46687.0
250,CA,2000,19,63277.5,125050.75
251,CA,2000,20,61975.5,38543.5
252,CA,2000,21,48303.25,116744.25
253,CA,2000,22,47107.0,126875.5
254,CA,2000,23,129512.8,72186.199999999997
255,CA,2000,24,91290.399999999994,149520.79999999999
256,CA,2000,25,70787.800000000003,116661.0
257,CA,2000,26,81922.600000000006,117074.60000000001
258,CA,2000,27,109300.0,53184.800000000003
259,CA,2000,28,89331.25,27729.0
260,CA,2000,29,110258.39999999999,50213.800000000003
261,CA,2000,30,163058.25,68576.5
262,CA,2000,31,73431.666666666672,16487.333333333332
263,CA,2000,32,68144.5,27531.5
264,CA,2000,33,138897.66666666666,21525.666666666668
265,CA,2000,34,71272.0,22469.400000000001
266,CA,2000,35,111814.75,22853.75
267,CA,2000,36,126233.2,66062.199999999997
268,CA,2000,37,89355.666666666672,27091.0
269,CA,2000,38,74413.333333333328,26209.666666666668
270,CA,2000,39,86283.199999999997,47542.199999999997
271,CA,2000,40,60507.800000000003,121082.39999999999
272,CA,2000,41,66999.5,122107.5
273,CA,2000,42,72628.5,137918.25
274,CA,2000,43,72656.0,35819.199999999997
275,CA,2000,44,76353.199999999997,108485.60000000001
276,CA,2000,45,76687.800000000003,120380.0
277,CA,2000,46,86084.600000000006,137188.20000000001
278,CA,2000,47,58405.800000000003,33008.199999999997
279,CA,2000,48,86646.399999999994,149831.39999999999
280,CA,2000,49,70284.0,124969.25
281,CA,2000,50,99502.0,139577.39999999999
282,CA,2000,51,96760.0,49144.0
283,CA,2000,52,72302.399999999994,146048.0
284,CA,2000,53,116471.39999999999,54597.599999999999
285,CA,2010,1,112764.66666666667,162109.0
286,CA,2010,2,214511.33333333334,74094.0
287,CA,2010,3,119539.66666666667,94191.666666666672
288,CA,2010,4,128365.0,208968.0
289,CA,2010,5,213699.0,68555.0
290,CA,2010,6,145080.0,49234.0
291,CA,2010,7,128631.66666666667,122761.33333333333
292,CA,2010,8,60045.5,107226.0
293,CA,2010,9,105003.66666666667,83808.333333333328
294,CA,2010,10,90175.666666666672,101839.33333333333
295,CA,2010,11,177704.33333333334,75879.0
296,CA,2010,12,206888.0,38337.5
297,CA,2010,13,230804.0,25847.0
298,CA,2010,14,183282.33333333334,48009.666666666664
299,CA,2010,15,149167.0,56884.5
300,CA,2010,16,76133.0,59409.0
301,CA,2010,17,159392.0,57336.0
302,CA,2010,18,192117.0,81966.333333333328
303,CA,2010,19,172051.0,61687.0
304,CA,2010,20,176988.0,67688.5
305,CA,2010,21,46623.666666666664,62732.333333333336
306,CA,2010,22,65018.333333333336,129064.66666666667
307,CA,2010,23,54097.0,133716.5
308,CA,2010,24,142003.66666666666,122697.33333333333
309,CA,2010,25,114694.0,134174.0
310,CA,2010,26,131832.0,106191.66666666667
311,CA,2010,27,132965.33333333334,73441.333333333328
312,CA,2010,28,199793.0,58767.0
313,CA,2010,29,50096.0,17045.0
314,CA,2010,30,145923.5,61320.0
315,CA,2010,31,86346.0,71514.0
316,CA,2010,32,87628.0,49630.5
317,CA,2010,33,163864.0,92761.0
318,CA,2010,34,120367.0,20223.0
319,CA,2010,35,124044.0,47309.0
320,CA,2010,36,109073.0,82559.666666666672
321,CA,2010,37,151913.0,25296.0
322,CA,2010,38,122354.0,59539.666666666664
323,CA,2010,39,86981.666666666672,129234.33333333333
324,CA,2010,40,222882.33333333334,28078.333333333332
325,CA,2010,41,92896.666666666672,59056.333333333336
326,CA,2010,42,76080.333333333328,118110.66666666667
327,CA,2010,43,118349.0,40510.0
328,CA,2010,44,222882.33333333334,28078.333333333332
329,CA,2010,45,102621.33333333333,153372.66666666666
330,CA,2010,46,72716.0,43849.0
331,CA,2010,47,117981.0,80779.0
332,CA,2010,48,101262.0,155975.66666666666
333,CA,2010,49,111380.33333333333,137924.66666666666
334,CA,2010,50,77467.666666666672,155590.66666666666
335,CA,2010,51,105156.33333333333,41801.0
336,CA,2010,52,143843.33333333334,125536.0
337,CA,2010,53,150305.66666666666,87463.333333333328
338,CO,1970,1,97911.600000000006,73362.399999999994
339,CO,1970,2,106877.60000000001,107623.0
340,CO,1970,3,93740.199999999997,65821.600000000006
341,CO,1970,4,77684.399999999994,115670.39999999999
342,CO,1970,5,59364.0,117115.2
343,CO,1980,1,108705.60000000001,57297.199999999997
344,CO,1980,2,112738.0,80582.800000000003
345,CO,1980,3,114314.2,77234.600000000006
346,CO,1980,4,57267.400000000001,122919.0
347,CO,1980,5,54472.0,135727.60000000001
348,CO,1980,6,61387.75,111266.75
349,CO,1990,1,124168.39999999999,64232.599999999999
350,CO,1990,2,137258.60000000001,96956.199999999997
351,CO,1990,3,84652.0,165577.20000000001
352,CO,1990,4,84242.25,136116.25
353,CO,1990,5,63939.666666666664,172563.66666666666
354,CO,1990,6,84520.800000000003,132980.39999999999
355,CO,2000,1,158156.0,58909.0
356,CO,2000,2,170724.79999999999,90003.600000000006
357,CO,2000,3,138543.79999999999,125945.60000000001
358,CO,2000,4,124931.2,133142.60000000001
359,CO,2000,5,76836.399999999994,156144.60000000001
360,CO,2000,6,117200.8,199742.39999999999
361,CO,2000,7,115643.2,97002.800000000003
362,CO,2010,1,226038.0,92976.333333333328
363,CO,2010,2,230411.0,160761.66666666666
364,CO,2010,3,131399.33333333334,184174.0
365,CO,2010,4,111056.33333333333,211151.0
366,CO,2010,5,108674.5,191313.5
367,CO,2010,6,145385.33333333334,166343.66666666666
368,CO,2010,7,176814.33333333334,134683.33333333334
369,CT,1970,1,123363.2,81203.600000000006
370,CT,1970,2,111264.0,88098.199999999997
371,CT,1970,3,111577.8,88378.199999999997
372,CT,1970,4,72305.600000000006,110820.39999999999
373,CT,1970,5,98782.199999999997,114672.2
374,CT,1970,6,132042.20000000001,86016.800000000003
375,CT,1980,1,141301.0,59139.0
376,CT,1980,2,115400.8,76633.800000000003
377,CT,1980,3,114462.0,82482.199999999997
378,CT,1980,4,59175.599999999999,118008.2
379,CT,1980,5,83714.600000000006,111562.60000000001
380,CT,1980,6,73848.399999999994,132910.79999999999
381,CT,1990,1,142241.39999999999,60928.599999999999
382,CT,1990,2,105748.2,94231.0
383,CT,1990,3,138252.60000000001,62101.599999999999
384,CT,1990,4,58998.0,118624.60000000001
385,CT,1990,5,93122.800000000003,94284.800000000003
386,CT,1990,6,75435.800000000003,129683.2
387,CT,2000,1,167594.39999999999,70903.0
388,CT,2000,2,144270.79999999999,121051.2
389,CT,2000,3,169273.60000000001,60198.599999999999
390,CT,2000,4,114820.0,124216.8
391,CT,2000,5,124648.0,119806.8
392,CT,2010,1,181161.33333333334,88868.0
393,CT,2010,2,185158.0,93363.0
394,CT,2010,3,190543.33333333334,79655.333333333328
395,CT,2010,4,156871.0,111716.33333333333
396,CT,2010,5,146304.66666666666,122068.33333333333
397,DE,1970,1,79048.199999999997,114254.2
398,DE,1980,1,124313.2,75157.199999999997
399,DE,1990,1,79283.199999999997,161636.20000000001
400,DE,2000,1,116853.8,183071.79999999999
401,DE,2010,1,206912.66666666666,129068.0
402,FL,1970,1,102718.5,62827.0
403,FL,1970,2,125450.5,41368.0
404,FL,1970,3,103056.5,26713.5
405,FL,1970,4,107084.5,56599.5
406,FL,1970,5,100108.39999999999,115143.0
407,FL,1970,6,51440.0,141879.25
408,FL,1970,7,109066.33333333333,49693.333333333336
409,FL,1970,8,101831.0,62443.5
410,FL,1970,9,72974.0,82885.75
411,FL,1970,10,66871.5,166873.75
412,FL,1970,11,147072.0,104672.0
413,FL,1970,12,86075.0,94876.0
414,FL,1970,13,115969.33333333333,45201.666666666664
415,FL,1970,14,72859.399999999994,31440.0
416,FL,1970,15,104221.2,51207.0
417,FL,1980,1,102741.5,58804.25
418,FL,1980,2,91087.5,63520.0
419,FL,1980,3,79041.0,22849.5
420,FL,1980,4,109681.5,90294.5
421,FL,1980,5,56161.5,82223.0
422,FL,1980,6,110900.0,97532.75
423,FL,1980,7,95075.0,49225.666666666664
424,FL,1980,8,53966.0,176859.0
425,FL,1980,9,78482.0,148763.75
426,FL,1980,10,61247.333333333336,135054.66666666666
427,FL,1980,11,137200.0,82766.399999999994
428,FL,1980,12,73913.0,81893.0
429,FL,1980,13,75882.666666666672,183989.0
430,FL,1980,14,156780.79999999999,91111.800000000003
431,FL,1980,15,67220.666666666672,116448.33333333333
432,FL,1980,16,118637.25,61907.75
433,FL,1980,17,79569.0,22029.0
434,FL,1980,18,66406.75,41048.0
435,FL,1980,19,102441.8,53234.599999999999
436,FL,1990,1,85275.0,129732.0
437,FL,1990,2,152087.25,75078.0
438,FL,1990,3,84521.800000000003,60192.800000000003
439,FL,1990,4,99059.0,169486.5
440,FL,1990,5,149216.5,102186.0
441,FL,1990,6,77663.5,152861.0
442,FL,1990,7,83013.75,143054.75
443,FL,1990,8,76619.75,127010.75
444,FL,1990,9,91972.0,159868.0
445,FL,1990,10,86092.0,132024.5
446,FL,1990,11,92895.5,68704.0
447,FL,1990,12,80114.25,113603.75
448,FL,1990,13,103811.0,169490.0
449,FL,1990,14,63842.0,176992.0
450,FL,1990,15,108414.2,138076.20000000001
451,FL,1990,16,99373.0,157980.75
452,FL,1990,17,114638.0,14525.0
453,FL,1990,18,52142.0,104755.0
454,FL,1990,19,171215.0,86634.0
455,FL,1990,20,134943.33333333334,83294.0
456,FL,1990,21,28378.0,84018.0
457,FL,1990,22,87653.25,122760.75
458,FL,1990,23,91863.0,36448.0
459,FL,2000,1,71403.75,189396.0
460,FL,2000,2,168939.0,117612.25
461,FL,2000,3,91603.0,55839.5
462,FL,2000,4,90517.0,182935.5
463,FL,2000,5,124032.2,199747.0
464,FL,2000,6,107477.25,179402.5
465,FL,2000,7,103381.5,178998.5
466,FL,2000,8,103597.8,134812.60000000001
467,FL,2000,9,89276.25,168602.25
468,FL,2000,10,87337.75,164846.75
469,FL,2000,11,124301.33333333333,59032.0
470,FL,2000,12,107399.66666666667,155868.66666666666
471,FL,2000,13,121746.0,167405.39999999999
472,FL,2000,14,90176.75,197805.0
473,FL,2000,15,106470.2,166399.39999999999
474,FL,2000,16,109194.75,174784.25
475,FL,2000,17,131582.60000000001,43099.599999999999
476,FL,2000,18,63647.800000000003,113953.39999999999
477,FL,2000,19,163770.0,74189.0
478,FL,2000,20,145991.0,72529.0
479,FL,2000,21,72649.0,102005.0
480,FL,2000,22,113811.2,136833.60000000001
481,FL,2000,23,123082.66666666667,30610.333333333332
482,FL,2000,24,120900.25,139340.75
483,FL,2000,25,66220.75,87090.0
484,FL,2010,1,87338.666666666672,219544.33333333334
485,FL,2010,2,128843.66666666667,176760.33333333334
486,FL,2010,3,104238.66666666667,182288.33333333334
487,FL,2010,4,113088.0,287509.0
488,FL,2010,5,165787.0,79420.666666666672
489,FL,2010,6,132367.66666666666,191911.66666666666
490,FL,2010,7,128509.66666666667,167191.66666666666
491,FL,2010,8,117240.33333333333,210881.0
492,FL,2010,9,151350.66666666666,106089.66666666667
493,FL,2010,10,147163.66666666666,138425.0
494,FL,2010,11,111934.0,219294.66666666666
495,FL,2010,12,112440.0,231581.5
496,FL,2010,13,162217.5,180377.0
497,FL,2010,14,196455.0,102284.0
498,FL,2010,15,110153.5,155874.5
499,FL,2010,16,140891.33333333334,195642.33333333334
500,FL,2010,17,105001.0,172109.66666666666
501,FL,2010,18,159884.33333333334,155912.33333333334
502,FL,2010,19,104794.0,196137.33333333334
503,FL,2010,20,175706.0,41807.0
504,FL,2010,21,210606.0,118038.0
505,FL,2010,22,165179.33333333334,123824.0
506,FL,2010,23,153566.33333333334,96811.0
507,FL,2010,24,129192.0,15239.0
508,FL,2010,25,95319.0,157921.0
509,FL,2010,26,109831.0,113466.0
510,FL,2010,27,107390.0,148202.5
511,GA,1970,1,64958.0,10485.0
512,GA,1970,2,92264.0,33107.0
513,GA,1970,3,80306.0,10641.0
514,GA,1970,4,76315.600000000006,53996.800000000003
515,GA,1970,5,78390.199999999997,38532.400000000001
516,GA,1970,6,58167.75,65464.25
517,GA,1970,7,70918.600000000006,47320.400000000001
518,GA,1970,8,84579.0,37880.666666666664
519,GA,1970,9,85045.25,30001.75
520,GA,1970,10,74010.0,23204.0
521,GA,1980,1,91688.25,36085.75
522,GA,1980,2,81469.5,40794.0
523,GA,1980,3,86216.0,32836.0
524,GA,1980,4,93189.199999999997,82510.800000000003
525,GA,1980,5,91931.0,24917.25
526,GA,1980,6,61698.0,88705.399999999994
527,GA,1980,7,99548.399999999994,62780.800000000003
528,GA,1980,8,81799.0,24966.0
529,GA,1980,9,103483.25,56666.0
530,GA,1980,10,95795.666666666672,56473.0
531,GA,1990,1,53100.75,108255.0
532,GA,1990,2,84762.199999999997,61295.800000000003
533,GA,1990,3,76736.5,119818.75
534,GA,1990,4,111348.60000000001,92793.199999999997
535,GA,1990,5,119762.25,41360.5
536,GA,1990,6,93012.600000000006,174781.79999999999
537,GA,1990,7,86136.399999999994,95696.600000000006
538,GA,1990,8,75703.199999999997,94160.600000000006
539,GA,1990,9,80547.75,112797.5
540,GA,1990,10,75797.0,99399.600000000006
541,GA,1990,11,81544.5,87121.0
542,GA,2000,1,53396.75,120445.5
543,GA,2000,2,115900.25,64909.0
544,GA,2000,3,93098.399999999994,135617.60000000001
545,GA,2000,4,128404.5,51049.0
546,GA,2000,5,130782.0,46622.0
547,GA,2000,6,67629.333333333328,179895.66666666666
548,GA,2000,7,74458.75,159958.0
549,GA,2000,8,88641.0,133830.60000000001
550,GA,2000,9,56053.25,166840.0
551,GA,2000,10,79525.0,144349.33333333334
552,GA,2000,11,74498.75,128140.75
553,GA,2000,12,100922.39999999999,81821.800000000003
554,GA,2000,13,129810.75,61816.5
555,GA,2010,1,76787.0,126259.0
556,GA,2010,2,135885.66666666666,84334.333333333328
557,GA,2010,3,95969.0,207218.0
558,GA,2010,4,214503.5,72817.0
559,GA,2010,5,244055.5,45051.5
560,GA,2010,6,100256.0,176591.66666666666
561,GA,2010,7,89903.0,148109.0
562,GA,2010,8,83225.0,173983.0
563,GA,2010,9,47520.0,169080.0
564,GA,2010,10,65777.0,130703.0
565,GA,2010,11,97868.0,207451.5
566,GA,2010,12,104682.0,123600.33333333333
567,GA,2010,13,201988.0,79550.0
568,GA,2010,14,59245.0,159947.0
569,HI,1970,1,77647.199999999997,41647.400000000001
570,HI,1970,2,102290.0,37887.75
571,HI,1980,1,87990.25,70030.25
572,HI,1980,2,118120.66666666667,36665.333333333336
573,HI,1990,1,107205.60000000001,62429.0
574,HI,1990,2,124434.60000000001,51003.800000000003
575,HI,2000,1,124298.39999999999,57026.199999999997
576,HI,2000,2,127786.39999999999,61961.199999999997
577,HI,2010,1,118437.33333333333,76412.0
578,HI,2010,2,160453.66666666666,38001.666666666664
579,ID,1970,1,72087.600000000006,92006.399999999994
580,ID,1970,2,63464.199999999997,90154.600000000006
581,ID,1980,1,70616.800000000003,111522.8
582,ID,1980,2,101378.8,79157.600000000006
583,ID,1990,1,106488.60000000001,124405.8
584,ID,1990,2,66602.399999999994,138254.20000000001
585,ID,2000,1,110632.8,148433.20000000001
586,ID,2000,2,68794.0,160963.20000000001
587,ID,2010,1,95926.333333333328,195078.0
588,ID,2010,2,96529.333333333328,181398.66666666666
589,IL,1970,1,101147.2,13324.6
590,IL,1970,2,103818.39999999999,19869.200000000001
591,IL,1970,3,98345.0,75941.399999999994
592,IL,1970,4,57935.800000000003,116297.8
593,IL,1970,5,107705.39999999999,28413.200000000001
594,IL,1970,6,62301.800000000003,101593.2
595,IL,1970,7,78398.199999999997,13745.200000000001
596,IL,1970,8,94208.800000000003,21416.200000000001
597,IL,1970,9,111944.5,44013.5
598,IL,1970,10,96394.0,106883.39999999999
599,IL,1970,11,118092.8,60219.199999999997
600,IL,1970,12,48206.800000000003,134230.20000000001
601,IL,1970,13,50751.800000000003,90968.0
602,IL,1970,14,51604.400000000001,145982.39999999999
603,IL,1970,15,65398.0,99921.800000000003
604,IL,1970,16,48614.0,103759.2
605,IL,1970,17,64433.199999999997,98685.0
606,IL,1970,18,65367.800000000003,103130.0
607,IL,1970,19,52465.666666666664,119745.33333333333
608,IL,1970,20,72201.199999999997,120909.8
609,IL,1970,21,50989.0,109060.39999999999
610,IL,1970,22,98218.600000000006,93857.600000000006
611,IL,1970,23,102035.0,35948.400000000001
612,IL,1970,24,120798.25,78834.75
613,IL,1980,1,140008.0,5713.25
614,IL,1980,2,122789.0,24573.0
615,IL,1980,3,125265.2,61116.800000000003
616,IL,1980,4,72243.0,81334.0
617,IL,1980,5,93357.199999999997,45077.0
618,IL,1980,6,46489.800000000003,120663.8
619,IL,1980,7,110063.25,24889.75
620,IL,1980,8,107326.0,31934.5
621,IL,1980,9,116768.0,53562.800000000003
622,IL,1980,10,51477.400000000001,118839.8
623,IL,1980,11,118870.39999999999,63833.0
624,IL,1980,12,41487.5,125256.5
625,IL,1980,13,60066.199999999997,133858.60000000001
626,IL,1980,14,64007.400000000001,117009.2
627,IL,1980,15,54359.666666666664,131435.0
628,IL,1980,16,71861.199999999997,101508.2
629,IL,1980,17,108478.0,74691.399999999994
630,IL,1980,18,82314.75,110588.75
631,IL,1980,19,112563.39999999999,77628.600000000006
632,IL,1980,20,131172.20000000001,77220.600000000006
633,IL,1980,21,96662.399999999994,68005.0
634,IL,1980,22,119405.5,85062.25
635,IL,1990,1,163979.60000000001,29498.799999999999
636,IL,1990,2,169198.0,22646.0
637,IL,1990,3,130611.2,65904.399999999994
638,IL,1990,4,63797.0,17355.666666666668
639,IL,1990,5,102309.0,66380.25
640,IL,1990,6,67129.399999999994,131600.79999999999
641,IL,1990,7,147497.75,28367.5
642,IL,1990,8,71306.399999999994,119007.0
643,IL,1990,9,127309.0,52746.800000000003
644,IL,1990,10,76164.75,134330.5
645,IL,1990,11,94773.600000000006,109595.60000000001
646,IL,1990,12,129940.75,60408.25
647,IL,1990,13,80006.600000000006,152071.79999999999
648,IL,1990,14,60134.0,141161.60000000001
649,IL,1990,15,82772.399999999994,120448.2
650,IL,1990,16,85411.75,143830.75
651,IL,1990,17,120835.0,99071.0
652,IL,1990,18,94118.75,148296.75
653,IL,1990,19,147680.0,82804.600000000006
654,IL,1990,20,110689.60000000001,122321.0
655,IL,2000,1,177801.20000000001,32606.799999999999
656,IL,2000,2,174877.0,27141.5
657,IL,2000,3,145875.75,46653.5
658,IL,2000,4,83562.399999999994,13516.200000000001
659,IL,2000,5,131664.20000000001,43520.800000000003
660,IL,2000,6,86425.199999999997,121309.0
661,IL,2000,7,177465.20000000001,30774.200000000001
662,IL,2000,8,116208.39999999999,104158.39999999999
663,IL,2000,9,143255.39999999999,50415.0
664,IL,2000,10,99052.399999999994,135411.20000000001
665,IL,2000,11,112262.60000000001,128994.8
666,IL,2000,12,166176.25,72386.25
667,IL,2000,13,97224.600000000006,158551.60000000001
668,IL,2000,14,99615.600000000006,138541.60000000001
669,IL,2000,15,88824.399999999994,150722.0
670,IL,2000,16,77850.399999999994,158395.60000000001
671,IL,2000,17,124973.0,94735.75
672,IL,2000,18,84822.0,175424.5
673,IL,2000,19,94030.199999999997,172099.60000000001
674,IL,2010,1,211053.0,75185.0
675,IL,2010,2,194563.66666666666,57461.666666666664
676,IL,2010,3,142751.0,70872.0
677,IL,2010,4,106446.0,24778.5
678,IL,2010,5,168978.33333333334,73287.0
679,IL,2010,6,118349.0,187326.66666666666
680,IL,2010,7,216044.33333333334,35172.0
681,IL,2010,8,117446.0,90785.0
682,IL,2010,9,184391.66666666666,93619.333333333328
683,IL,2010,10,125153.66666666667,120697.0
684,IL,2010,11,136314.0,98559.333333333328
685,IL,2010,12,123035.33333333333,136638.66666666666
686,IL,2010,13,116592.66666666667,149318.0
687,IL,2010,14,112933.66666666667,174493.33333333334
688,IL,2010,15,74907.0,186024.5
689,IL,2010,16,88055.5,167588.5
690,IL,2010,17,145734.66666666666,112450.33333333333
691,IL,2010,18,81437.0,226445.33333333334
692,IN,1970,1,94634.0,43033.400000000001
693,IN,1970,2,103146.8,85532.0
694,IN,1970,3,88900.800000000003,72539.199999999997
695,IN,1970,4,78414.399999999994,95573.399999999994
696,IN,1970,5,69529.800000000003,114328.2
697,IN,1970,6,82032.0,85745.0
698,IN,1970,7,73564.399999999994,116676.0
699,IN,1970,8,92043.600000000006,106118.60000000001
700,IN,1970,9,119161.75,62006.25
701,IN,1970,10,91231.800000000003,80287.800000000003
702,IN,1970,11,91122.600000000006,73802.600000000006
703,IN,1980,1,105711.60000000001,46765.599999999999
704,IN,1980,2,107825.8,83098.600000000006
705,IN,1980,3,88322.600000000006,94459.199999999997
706,IN,1980,4,73094.800000000003,107390.39999999999
707,IN,1980,5,82450.800000000003,97289.800000000003
708,IN,1980,6,65687.600000000006,147362.20000000001
709,IN,1980,7,67001.399999999994,117562.39999999999
710,IN,1980,8,112543.8,94464.0
711,IN,1980,9,126683.39999999999,57370.599999999999
712,IN,1980,10,94794.600000000006,57885.0
713,IN,1990,1,118107.2,52762.199999999997
714,IN,1990,2,87512.800000000003,102585.8
715,IN,1990,3,100023.39999999999,77854.800000000003
716,IN,1990,4,83332.0,103423.60000000001
717,IN,1990,5,74051.199999999997,118153.60000000001
718,IN,1990,6,55756.199999999997,170411.20000000001
719,IN,1990,7,65647.600000000006,121827.8
720,IN,1990,8,99732.199999999997,104221.39999999999
721,IN,1990,9,119991.0,88166.0
722,IN,1990,10,84702.600000000006,59484.400000000001
723,IN,2000,1,134477.0,61423.599999999999
724,IN,2000,2,116816.8,99427.0
725,IN,2000,3,76134.800000000003,126241.8
726,IN,2000,4,73615.800000000003,149104.0
727,IN,2000,5,75132.600000000006,174576.39999999999
728,IN,2000,6,75343.600000000006,144573.20000000001
729,IN,2000,7,106438.39999999999,74806.399999999994
730,IN,2000,8,121252.39999999999,109652.0
731,IN,2000,9,124902.8,113680.8
732,IN,2010,1,137161.0,71145.5
733,IN,2010,2,96034.666666666672,127990.33333333333
734,IN,2010,3,66052.333333333328,164052.33333333334
735,IN,2010,4,77109.0,152366.0
736,IN,2010,5,99650.666666666672,173934.66666666666
737,IN,2010,6,73774.0,156573.33333333334
738,IN,2010,7,127434.66666666667,79057.0
739,IN,2010,8,92355.0,147526.33333333334
740,IN,2010,9,106163.66666666667,147239.0
741,IA,1970,1,80289.800000000003,95626.399999999994
742,IA,1970,2,90102.0,86666.0
743,IA,1970,3,77867.800000000003,103213.2
744,IA,1970,4,114790.2,70513.600000000006
745,IA,1970,5,102982.2,79901.0
746,IA,1970,6,105999.0,70691.399999999994
747,IA,1980,1,60573.0,105086.75
748,IA,1980,2,74044.600000000006,104254.39999999999
749,IA,1980,3,95715.75,95469.25
750,IA,1980,4,130026.75,65237.0
751,IA,1980,5,73388.199999999997,94519.199999999997
752,IA,1980,6,84376.0,90944.399999999994
753,IA,1990,1,87693.600000000006,137824.60000000001
754,IA,1990,2,104224.0,123591.60000000001
755,IA,1990,3,116112.2,102312.2
756,IA,1990,4,109177.2,127721.60000000001
757,IA,1990,5,72335.0,140579.66666666666
758,IA,2000,1,123002.0,112932.0
759,IA,2000,2,122182.39999999999,121923.60000000001
760,IA,2000,3,139638.79999999999,116233.39999999999
761,IA,2000,4,98586.600000000006,151284.0
762,IA,2000,5,78678.399999999994,135042.60000000001
763,IA,2010,1,180323.33333333334,172376.66666666666
764,IA,2010,2,184621.66666666666,154121.66666666666
765,IA,2010,3,147581.0,186470.66666666666
766,IA,2010,4,139322.33333333334,198872.0
767,KS,1970,1,56012.25,127783.25
768,KS,1970,2,85820.800000000003,76838.600000000006
769,KS,1970,3,57069.25,111231.0
770,KS,1970,4,83236.600000000006,75421.199999999997
771,KS,1970,5,58922.199999999997,110779.60000000001
772,KS,1980,1,51212.25,129987.75
773,KS,1980,2,108814.60000000001,58231.400000000001
774,KS,1980,3,62865.75,109556.0
775,KS,1980,4,118439.8,51976.0
776,KS,1980,5,52244.400000000001,116540.60000000001
777,KS,1990,1,58415.75,177279.25
778,KS,1990,2,95583.600000000006,130119.2
779,KS,1990,3,114641.2,129985.2
780,KS,1990,4,105459.60000000001,116773.0
781,KS,2000,1,39540.0,171186.0
782,KS,2000,2,104686.39999999999,136939.39999999999
783,KS,2000,3,147996.79999999999,121360.2
784,KS,2000,4,75811.800000000003,140484.0
785,KS,2010,1,65397.0,138764.0
786,KS,2010,2,99242.666666666672,159144.33333333334
787,KS,2010,3,114442.0,155257.5
788,KS,2010,4,77553.666666666672,155616.33333333334
789,KY,1970,1,90355.0,28437.333333333332
790,KY,1970,2,77764.75,42439.5
791,KY,1970,3,73219.199999999997,40986.400000000001
792,KY,1970,4,54046.0,92075.199999999997
793,KY,1970,5,37375.199999999997,89602.600000000006
794,KY,1970,6,64776.0,61629.75
795,KY,1970,7,82017.5,34377.5
796,KY,1980,1,100959.8,37109.199999999997
797,KY,1980,2,77963.5,43448.0
798,KY,1980,3,107440.60000000001,51201.599999999999
799,KY,1980,4,61007.400000000001,99484.399999999994
800,KY,1980,5,34034.0,89046.0
801,KY,1980,6,42787.5,99936.75
802,KY,1980,7,90807.399999999994,43215.400000000001
803,KY,1990,1,92160.600000000006,97366.600000000006
804,KY,1990,2,83125.800000000003,113947.39999999999
805,KY,1990,3,110559.0,113869.60000000001
806,KY,1990,4,81780.600000000006,113590.8
807,KY,1990,5,52289.5,121435.25
808,KY,1990,6,103179.39999999999,96819.199999999997
809,KY,2000,1,78469.0,149763.20000000001
810,KY,2000,2,90311.800000000003,148311.39999999999
811,KY,2000,3,140231.60000000001,136937.20000000001
812,KY,2000,4,96939.600000000006,138092.39999999999
813,KY,2000,5,44885.0,145402.0
814,KY,2000,6,166310.33333333334,116753.0
815,KY,2010,1,77501.666666666672,196645.66666666666
816,KY,2010,2,79719.5,169222.0
817,KY,2010,3,191947.33333333334,107175.33333333333
818,KY,2010,4,90164.333333333328,190140.66666666666
819,KY,2010,5,51532.0,183379.0
820,KY,2010,6,122818.66666666667,167575.0
821,LA,1970,1,28100.666666666668,75975.0
822,LA,1970,2,51232.0,17576.5
823,LA,1970,3,46553.666666666664,78599.666666666672
824,LA,1970,4,65583.0,65317.0
825,LA,1970,5,83696.0,75574.0
826,LA,1970,6,34745.75,98888.0
827,LA,1970,7,102309.5,32830.5
828,LA,1970,8,76235.333333333328,23374.333333333332
829,LA,1980,1,18548.0,67679.0
830,LA,1980,2,71463.666666666672,9794.3333333333339
831,LA,1980,3,96882.600000000006,15478.4
832,LA,1980,4,53759.0,81043.5
833,LA,1980,5,108821.5,11367.0
834,LA,1980,6,53697.5,98190.5
835,LA,1980,7,110677.0,68530.0
836,LA,1980,8,97312.5,91226.0
837,LA,1990,1,26627.0,137653.5
838,LA,1990,2,60906.0,15113.0
839,LA,1990,3,82948.199999999997,113457.0
840,LA,1990,4,56634.333333333336,85145.0
841,LA,1990,5,64768.0,129917.5
842,LA,1990,6,60629.5,120863.25
843,LA,1990,7,72424.0,54253.0
844,LA,2000,1,45054.75,175641.5
845,LA,2000,2,94710.75,34511.75
846,LA,2000,3,64849.333333333336,73651.666666666672
847,LA,2000,4,40964.25,85362.75
848,LA,2000,5,59514.0,114473.66666666667
849,LA,2000,6,90408.666666666672,159348.33333333334
850,LA,2000,7,68968.666666666672,121977.33333333333
851,LA,2010,1,57178.333333333336,217078.33333333334
852,LA,2010,2,230417.0,38801.0
853,LA,2010,3,56215.0,258632.0
854,LA,2010,4,80593.0,199750.0
855,LA,2010,5,75004.0,134616.0
856,LA,2010,6,81491.5,190142.0
857,ME,1970,1,97640.800000000003,127554.39999999999
858,ME,1970,2,60280.199999999997,133614.20000000001
859,ME,1980,1,140863.20000000001,125971.2
860,ME,1980,2,74238.199999999997,153188.20000000001
861,ME,1990,1,173994.39999999999,120996.2
862,ME,1990,2,162372.60000000001,89365.600000000006
863,ME,2000,1,187483.0,126206.8
864,ME,2000,2,173843.79999999999,109495.8
865,ME,2010,1,216861.0,129253.33333333333
866,ME,2010,2,156364.33333333334,154576.0
867,MD,1970,1,61164.199999999997,80632.0
868,MD,1970,2,117076.39999999999,53972.599999999999
869,MD,1970,3,98904.5,31732.5
870,MD,1970,4,52965.800000000003,87251.800000000003
871,MD,1970,5,69399.800000000003,46546.199999999997
872,MD,1970,6,119452.60000000001,44067.199999999997
873,MD,1970,7,90426.5,16763.0
874,MD,1970,8,92431.600000000006,106540.39999999999
875,MD,1980,1,87587.0,67158.600000000006
876,MD,1980,2,71997.600000000006,111335.60000000001
877,MD,1980,3,111943.2,41955.599999999999
878,MD,1980,4,77111.0,74844.800000000003
879,MD,1980,5,99105.800000000003,27939.400000000001
880,MD,1980,6,120441.8,50396.800000000003
881,MD,1980,7,80783.333333333328,12300.666666666666
882,MD,1980,8,105670.8,103044.0
883,MD,1990,1,80756.0,134631.20000000001
884,MD,1990,2,79468.399999999994,151589.39999999999
885,MD,1990,3,138580.25,51172.25
886,MD,1990,4,134781.39999999999,29471.200000000001
887,MD,1990,5,126288.8,81969.600000000006
888,MD,1990,6,90681.800000000003,135530.39999999999
889,MD,1990,7,122446.8,21951.0
890,MD,1990,8,91653.600000000006,157750.0
891,MD,2000,1,103412.2,190332.20000000001
892,MD,2000,2,147799.60000000001,72609.0
893,MD,2000,3,165791.20000000001,85364.199999999997
894,MD,2000,4,177856.39999999999,38159.0
895,MD,2000,5,187933.5,78538.25
896,MD,2000,6,93275.0,166969.39999999999
897,MD,2000,7,174071.0,52199.0
898,MD,2000,8,176028.39999999999,68534.399999999994
899,MD,2010,1,90092.333333333328,211040.0
900,MD,2010,2,168894.33333333334,88353.0
901,MD,2010,3,185660.33333333334,98875.333333333328
902,MD,2010,4,204171.33333333334,62482.333333333336
903,MD,2010,5,208777.33333333334,93984.666666666672
904,MD,2010,6,154131.66666666666,114108.0
905,MD,2010,7,210415.66666666666,64273.666666666664
906,MD,2010,8,191636.66666666666,108514.33333333333
907,MA,1970,1,58054.0,133784.0
908,MA,1970,2,118896.33333333333,39372.0
909,MA,1970,3,113047.0,51366.333333333336
910,MA,1970,4,97499.25,78077.25
911,MA,1970,5,112699.2,72966.800000000003
912,MA,1970,6,117437.75,89184.75
913,MA,1970,7,148659.5,50710.0
914,MA,1970,8,121326.66666666667,32493.333333333332
915,MA,1970,9,120807.5,28862.0
916,MA,1970,10,68789.333333333328,111289.0
917,MA,1970,11,121595.0,29241.0
918,MA,1970,12,150760.0,78333.0
919,MA,1980,1,43821.5,153350.75
920,MA,1980,2,113980.33333333333,50676.333333333336
921,MA,1980,3,148461.0,71765.0
922,MA,1980,4,151976.75,72510.0
923,MA,1980,5,115120.0,102964.5
924,MA,1980,6,153328.0,76643.75
925,MA,1980,7,159258.0,54996.5
926,MA,1980,8,129792.75,40313.75
927,MA,1980,9,102665.0,55030.0
928,MA,1980,10,145608.20000000001,87998.199999999997
929,MA,1980,11,169692.0,40277.0
930,MA,1990,1,138887.0,87817.0
931,MA,1990,2,137134.33333333334,66471.333333333328
932,MA,1990,3,113235.25,110538.75
933,MA,1990,4,189041.66666666666,66640.333333333328
934,MA,1990,5,133995.66666666666,69888.333333333328
935,MA,1990,6,139974.39999999999,117583.8
936,MA,1990,7,158828.5,73080.0
937,MA,1990,8,123424.5,20720.0
938,MA,1990,9,171717.25,58103.0
939,MA,1990,10,184487.0,85911.0
940,MA,2000,1,160516.0,73515.333333333328
941,MA,2000,2,122751.0,91209.0
942,MA,2000,3,157372.0,82660.5
943,MA,2000,4,164613.0,88544.0
944,MA,2000,5,141690.66666666666,84071.666666666672
945,MA,2000,6,182672.39999999999,88566.199999999997
946,MA,2000,7,186799.66666666666,67259.666666666672
947,MA,2000,8,184086.39999999999,63003.0
948,MA,2000,9,163245.5,53539.5
949,MA,2000,10,176451.5,98242.75
950,MA,2010,1,224707.33333333334,88874.666666666672
951,MA,2010,2,224707.33333333334,88874.666666666672
952,MA,2010,3,195978.66666666666,99509.666666666672
953,MA,2010,4,243563.0,121495.5
954,MA,2010,5,257490.0,82944.0
955,MA,2010,6,165290.0,144300.5
956,MA,2010,7,224707.33333333334,88874.666666666672
957,MA,2010,8,267509.0,92493.0
958,MA,2010,9,188319.0,119768.33333333333
959,MI,1970,1,113613.2,9500.6000000000004
960,MI,1970,2,73350.199999999997,96805.600000000006
961,MI,1970,3,86319.800000000003,92326.600000000006
962,MI,1970,4,53049.199999999997,105637.39999999999
963,MI,1970,5,86178.399999999994,98826.0
964,MI,1970,6,96918.600000000006,90594.600000000006
965,MI,1970,7,89889.75,59129.5
966,MI,1970,8,96459.199999999997,73281.399999999994
967,MI,1970,9,59140.5,122223.5
968,MI,1970,10,87094.199999999997,103987.60000000001
969,MI,1970,11,78009.600000000006,116101.2
970,MI,1970,12,92715.600000000006,71856.0
971,MI,1970,13,73737.0,10088.0
972,MI,1970,14,93958.600000000006,57020.400000000001
973,MI,1970,15,101919.39999999999,37386.400000000001
974,MI,1970,16,105492.39999999999,35920.400000000001
975,MI,1970,17,114461.0,51245.5
976,MI,1970,18,108191.60000000001,63733.800000000003
977,MI,1970,19,54576.199999999997,125598.8
978,MI,1980,1,112773.75,11519.25
979,MI,1980,2,63717.199999999997,108649.39999999999
980,MI,1980,3,95409.600000000006,72696.600000000006
981,MI,1980,4,54307.400000000001,98769.399999999994
982,MI,1980,5,63421.400000000001,126447.0
983,MI,1980,6,96747.75,77965.75
984,MI,1980,7,115225.5,37495.25
985,MI,1980,8,115593.5,51458.0
986,MI,1980,9,62062.800000000003,118441.2
987,MI,1980,10,77389.199999999997,100420.60000000001
988,MI,1980,11,71657.199999999997,109649.2
989,MI,1980,12,102331.2,63895.400000000001
990,MI,1980,13,94220.800000000003,14188.4
991,MI,1980,14,99014.0,54126.75
992,MI,1980,15,89042.199999999997,44641.800000000003
993,MI,1980,16,106522.5,44735.75
994,MI,1980,17,112407.5,45449.0
995,MI,1980,18,50741.599999999999,150342.79999999999
996,MI,1990,1,149510.79999999999,96320.600000000006
997,MI,1990,2,75181.600000000006,160193.0
998,MI,1990,3,70619.199999999997,158906.20000000001
999,MI,1990,4,73956.75,161050.5
1000,MI,1990,5,151210.20000000001,66139.600000000006
1001,MI,1990,6,62300.199999999997,136968.20000000001
1002,MI,1990,7,77532.25,121968.25
1003,MI,1990,8,128446.8,117369.8
1004,MI,1990,9,126309.8,92533.399999999994
1005,MI,1990,10,136697.20000000001,96592.800000000003
1006,MI,1990,11,97271.199999999997,161571.0
1007,MI,1990,12,127600.39999999999,92953.600000000006
1008,MI,1990,13,120073.39999999999,84151.399999999994
1009,MI,1990,14,149396.79999999999,22825.0
1010,MI,1990,15,132244.79999999999,19031.0
1011,MI,1990,16,136590.79999999999,68433.199999999997
1012,MI,2000,1,170152.0,95115.199999999997
1013,MI,2000,2,86872.600000000006,185650.0
1014,MI,2000,3,91828.399999999994,175264.20000000001
1015,MI,2000,4,92643.600000000006,173439.0
1016,MI,2000,5,178365.25,83149.5
1017,MI,2000,6,86147.0,155557.0
1018,MI,2000,7,112043.8,136501.79999999999
1019,MI,2000,8,109641.2,176605.20000000001
1020,MI,2000,9,133656.20000000001,150412.39999999999
1021,MI,2000,10,85331.0,188593.20000000001
1022,MI,2000,11,116857.2,154964.79999999999
1023,MI,2000,12,174011.20000000001,71676.800000000003
1024,MI,2000,13,147204.0,35831.666666666664
1025,MI,2000,14,158308.0,29725.5
1026,MI,2000,15,176261.75,73936.0
1027,MI,2010,1,140925.33333333334,165083.66666666666
1028,MI,2010,2,96738.333333333328,180909.66666666666
1029,MI,2010,3,119076.0,166991.33333333334
1030,MI,2010,4,97350.0,171973.33333333334
1031,MI,2010,5,185997.33333333334,95085.0
1032,MI,2010,6,113644.66666666667,161667.33333333334
1033,MI,2010,7,120980.66666666667,157851.0
1034,MI,2010,8,124905.66666666667,180195.0
1035,MI,2010,9,181616.33333333334,108389.0
1036,MI,2010,10,91663.0,199425.33333333334
1037,MI,2010,11,137673.66666666666,174365.0
1038,MI,2010,12,187536.0,84430.666666666672
1039,MI,2010,13,188939.0,35514.666666666664
1040,MI,2010,14,226619.0,50433.0
1041,MN,1970,1,67430.800000000003,135440.39999999999
1042,MN,1970,2,86492.0,132848.0
1043,MN,1970,3,63546.400000000001,134625.60000000001
1044,MN,1970,4,116436.39999999999,58913.800000000003
1045,MN,1970,5,116291.39999999999,46907.199999999997
1046,MN,1970,6,119196.0,105135.8
1047,MN,1970,7,130687.0,88842.0
1048,MN,1970,8,149597.0,55987.333333333336
1049,MN,1980,1,138466.79999999999,73467.199999999997
1050,MN,1980,2,92202.399999999994,127014.2
1051,MN,1980,3,77510.199999999997,182659.79999999999
1052,MN,1980,4,151682.79999999999,60067.199999999997
1053,MN,1980,5,145243.39999999999,55155.0
1054,MN,1980,6,141749.79999999999,88719.800000000003
1055,MN,1980,7,102164.39999999999,110327.39999999999
1056,MN,1980,8,158927.60000000001,59332.199999999997
1057,MN,1990,1,130250.2,123718.60000000001
1058,MN,1990,2,135652.60000000001,115344.39999999999
1059,MN,1990,3,83780.0,201122.0
1060,MN,1990,4,136078.79999999999,92687.600000000006
1061,MN,1990,5,155218.60000000001,67738.399999999994
1062,MN,1990,6,140749.0,136901.79999999999
1063,MN,1990,7,153704.60000000001,91777.600000000006
1064,MN,1990,8,177885.20000000001,76531.600000000006
1065,MN,2000,1,135785.39999999999,140376.60000000001
1066,MN,2000,2,130778.60000000001,184963.39999999999
1067,MN,2000,3,111971.0,193929.39999999999
1068,MN,2000,4,174418.60000000001,89809.199999999997
1069,MN,2000,5,181935.0,64275.199999999997
1070,MN,2000,6,139564.60000000001,173391.39999999999
1071,MN,2000,7,183461.79999999999,89792.399999999994
1072,MN,2000,8,195017.39999999999,109482.0
1073,MN,2010,1,161712.0,137408.66666666666
1074,MN,2010,2,142406.0,168445.0
1075,MN,2010,3,143675.33333333334,204309.0
1076,MN,2010,4,189280.33333333334,103394.33333333333
1077,MN,2010,5,226381.66666666666,75330.0
1078,MN,2010,6,129626.0,182649.33333333334
1079,MN,2010,7,167308.66666666666,127019.33333333333
1080,MN,2010,8,166721.33333333334,154322.33333333334
1081,MS,1970,1,80813.5,44013.0
1082,MS,1970,2,67464.199999999997,35124.800000000003
1083,MS,1970,3,115386.5,8364.5
1084,MS,1970,4,40744.800000000003,73793.399999999994
1085,MS,1970,5,41893.5,91607.0
1086,MS,1980,1,80177.25,31262.0
1087,MS,1980,2,81120.600000000006,61237.199999999997
1088,MS,1980,3,164651.0,20729.0
1089,MS,1980,4,89350.399999999994,59528.599999999999
1090,MS,1980,5,47315.400000000001,84316.399999999994
1091,MS,1990,1,63011.0,99986.800000000003
1092,MS,1990,2,104163.75,52467.75
1093,MS,1990,3,92209.0,86719.5
1094,MS,1990,4,93937.199999999997,67023.600000000006
1095,MS,1990,5,105857.0,48391.599999999999
1096,MS,2000,1,89209.75,115348.5
1097,MS,2000,2,130326.39999999999,77578.600000000006
1098,MS,2000,3,88206.333333333328,161631.0
1099,MS,2000,4,145227.39999999999,67764.0
1100,MS,2010,1,80578.666666666672,165279.0
1101,MS,2010,2,203660.5,91351.0
1102,MS,2010,3,71922.5,163630.5
1103,MS,2010,4,65906.0,157699.0
1104,MO,1970,1,80312.600000000006,39567.800000000003
1105,MO,1970,2,116603.0,80057.199999999997
1106,MO,1970,3,120074.39999999999,43958.599999999999
1107,MO,1970,4,115748.0,65574.600000000006
1108,MO,1970,5,88973.199999999997,39455.199999999997
1109,MO,1970,6,86704.0,97116.199999999997
1110,MO,1970,7,74661.800000000003,122491.39999999999
1111,MO,1970,8,104759.39999999999,71382.399999999994
1112,MO,1970,9,122219.2,71258.399999999994
1113,MO,1970,10,101853.2,61602.199999999997
1114,MO,1980,1,108887.39999999999,52201.0
1115,MO,1980,2,103876.8,117385.39999999999
1116,MO,1980,3,121781.0,61048.0
1117,MO,1980,4,129754.75,71121.75
1118,MO,1980,5,113764.0,56566.199999999997
1119,MO,1980,6,80069.199999999997,111938.60000000001
1120,MO,1980,7,81135.199999999997,116347.0
1121,MO,1980,8,72883.800000000003,99774.800000000003
1122,MO,1980,9,114647.39999999999,78107.199999999997
1123,MO,1990,1,125485.2,50001.400000000001
1124,MO,1990,2,100717.39999999999,157142.79999999999
1125,MO,1990,3,134882.0,87231.399999999994
1126,MO,1990,4,156445.20000000001,71430.399999999994
1127,MO,1990,5,131353.39999999999,69301.199999999997
1128,MO,1990,6,144513.39999999999,90802.800000000003
1129,MO,1990,7,73166.0,153428.0
1130,MO,1990,8,69197.399999999994,135835.39999999999
1131,MO,1990,9,104869.0,124935.0
1132,MO,2000,1,156271.25,52022.0
1133,MO,2000,2,101473.2,196998.20000000001
1134,MO,2000,3,143232.39999999999,92735.600000000006
1135,MO,2000,4,158769.60000000001,88794.800000000003
1136,MO,2000,5,143969.20000000001,89175.199999999997
1137,MO,2000,6,91464.399999999994,165835.60000000001
1138,MO,2000,7,72293.399999999994,176113.39999999999
1139,MO,2000,8,61790.599999999999,162528.79999999999
1140,MO,2000,9,100642.5,162401.5
1141,MO,2010,1,208078.33333333334,52939.666666666664
1142,MO,2010,2,125781.66666666667,209038.66666666666
1143,MO,2010,3,88700.333333333328,198549.33333333334
1144,MO,2010,4,84031.333333333328,179199.66666666666
1145,MO,2010,5,156770.66666666666,104997.0
1146,MO,2010,6,87784.0,193303.33333333334
1147,MO,2010,7,79512.0,178770.33333333334
1148,MO,2010,8,60828.333333333336,183999.66666666666
1149,MT,1970,1,92149.199999999997,68189.199999999997
1150,MT,1970,2,75805.199999999997,66252.399999999994
1151,MT,1980,1,108254.60000000001,64733.599999999999
1152,MT,1980,2,66930.199999999997,95072.399999999994
1153,MT,1990,1,177328.60000000001,187485.20000000001
1154,MT,2000,1,138127.79999999999,253093.20000000001
1155,MT,2010,1,186516.0,248232.33333333334
1156,NE,1970,1,62257.599999999999,123083.60000000001
1157,NE,1970,2,79222.399999999994,90759.399999999994
1158,NE,1970,3,51996.599999999999,137960.60000000001
1159,NE,1980,1,62215.0,138833.60000000001
1160,NE,1980,2,88018.0,104326.0
1161,NE,1980,3,58874.5,147448.75
1162,NE,1990,1,71103.0,141866.20000000001
1163,NE,1990,2,84939.800000000003,117447.60000000001
1164,NE,1990,3,48294.25,168912.75
1165,NE,2000,1,81333.5,141641.25
1166,NE,2000,2,82405.199999999997,115662.60000000001
1167,NE,2000,3,51124.75,158207.5
1168,NE,2010,1,73503.666666666672,162626.33333333334
1169,NE,2010,2,117080.33333333333,117729.0
1170,NE,2010,3,55395.0,163431.5
1171,NV,1970,1,126326.0,57401.400000000001
1172,NV,1980,1,76677.399999999994,50474.599999999999
1173,NV,1980,2,56514.400000000001,92586.199999999997
1174,NV,1990,1,94695.199999999997,83854.800000000003
1175,NV,1990,2,96677.5,165923.75
1176,NV,2000,1,108202.39999999999,55780.400000000001
1177,NV,2000,2,89745.800000000003,160487.39999999999
1178,NV,2000,3,115673.0,128341.2
1179,NV,2010,1,92049.0,47036.0
1180,NV,2010,2,89919.0,155763.66666666666
1181,NV,2010,3,105445.33333333333,122899.33333333333
1182,NV,2010,4,103110.0,94351.666666666672
1183,NH,1970,1,81189.600000000006,68025.0
1184,NH,1970,2,51682.0,94967.800000000003
1185,NH,1980,1,72144.199999999997,91550.0
1186,NH,1980,2,54878.800000000003,100703.8
1187,NH,1990,1,89338.199999999997,122386.2
1188,NH,1990,2,104004.39999999999,107113.8
1189,NH,2000,1,115256.2,141469.79999999999
1190,NH,2000,2,123578.8,131582.39999999999
1191,NH,2010,1,150082.33333333334,147059.33333333334
1192,NH,2010,2,158120.33333333334,139602.66666666666
1193,NJ,1970,1,111666.39999999999,55417.800000000003
1194,NJ,1970,2,113819.0,90828.800000000003
1195,NJ,1970,3,105330.8,76613.0
1196,NJ,1970,4,86284.199999999997,60779.199999999997
1197,NJ,1970,5,57686.199999999997,120673.2
1198,NJ,1970,6,75124.0,109191.60000000001
1199,NJ,1970,7,92828.199999999997,93333.800000000003
1200,NJ,1970,8,92387.0,40430.800000000003
1201,NJ,1970,9,88213.399999999994,88533.199999999997
1202,NJ,1970,10,73375.0,14171.6
1203,NJ,1970,11,108541.8,55560.800000000003
1204,NJ,1970,12,47838.599999999999,117463.0
1205,NJ,1970,13,80777.0,100803.8
1206,NJ,1970,14,83126.0,41638.800000000003
1207,NJ,1970,15,89063.800000000003,61736.400000000001
1208,NJ,1980,1,114119.0,48962.400000000001
1209,NJ,1980,2,113498.25,56806.5
1210,NJ,1980,3,98995.800000000003,79720.0
1211,NJ,1980,4,69364.600000000006,111771.39999999999
1212,NJ,1980,5,49061.599999999999,132918.0
1213,NJ,1980,6,94056.199999999997,59642.800000000003
1214,NJ,1980,7,47105.199999999997,120638.39999999999
1215,NJ,1980,8,88864.333333333328,46852.666666666664
1216,NJ,1980,9,112552.8,70687.0
1217,NJ,1980,10,78678.75,14766.25
1218,NJ,1980,11,71822.399999999994,102626.60000000001
1219,NJ,1980,12,60207.0,122514.0
1220,NJ,1980,13,68039.0,118244.2
1221,NJ,1980,14,86530.199999999997,36501.400000000001
1222,NJ,1990,1,135940.20000000001,45044.800000000003
1223,NJ,1990,2,78144.600000000006,116489.2
1224,NJ,1990,3,79627.800000000003,135836.39999999999
1225,NJ,1990,4,70370.600000000006,131364.60000000001
1226,NJ,1990,5,61802.400000000001,159867.0
1227,NJ,1990,6,110324.60000000001,69454.399999999994
1228,NJ,1990,7,89306.0,113198.0
1229,NJ,1990,8,95879.600000000006,70933.399999999994
1230,NJ,1990,9,117722.0,68927.199999999997
1231,NJ,1990,10,106870.39999999999,20576.799999999999
1232,NJ,1990,11,64588.400000000001,154434.79999999999
1233,NJ,1990,12,100659.2,133739.60000000001
1234,NJ,1990,13,92995.800000000003,27298.0
1235,NJ,2000,1,171316.66666666666,66224.0
1236,NJ,2000,2,72297.199999999997,135603.79999999999
1237,NJ,2000,3,105630.60000000001,141041.79999999999
1238,NJ,2000,4,72770.399999999994,153034.0
1239,NJ,2000,5,96386.600000000006,139785.20000000001
1240,NJ,2000,6,117997.0,59968.400000000001
1241,NJ,2000,7,97226.800000000003,124119.2
1242,NJ,2000,8,117085.39999999999,51249.599999999999
1243,NJ,2000,9,116749.0,54623.199999999997
1244,NJ,2000,10,90866.0,15135.0
1245,NJ,2000,11,76736.800000000003,154356.60000000001
1246,NJ,2000,12,140782.20000000001,89099.0
1247,NJ,2000,13,90816.600000000006,25139.400000000001
1248,NJ,2010,1,162338.66666666666,89640.0
1249,NJ,2010,2,97775.666666666672,150630.66666666666
1250,NJ,2010,3,118524.0,156441.33333333334
1251,NJ,2010,4,91313.0,175321.33333333334
1252,NJ,2010,5,128165.66666666667,143290.33333333334
1253,NJ,2010,6,130622.33333333333,74386.333333333328
1254,NJ,2010,7,113170.0,155280.33333333334
1255,NJ,2010,8,109033.33333333333,26415.0
1256,NJ,2010,9,135991.33333333334,52238.666666666664
1257,NJ,2010,10,162675.0,21625.0
1258,NJ,2010,11,106524.66666666667,161997.66666666666
1259,NJ,2010,12,153932.66666666666,75827.333333333328
1260,NM,1970,1,83934.199999999997,126248.60000000001
1261,NM,1970,2,96231.75,50381.0
1262,NM,1980,1,58142.800000000003,93620.600000000006
1263,NM,1980,2,45528.666666666664,88271.333333333328
1264,NM,1980,3,102012.39999999999,45814.800000000003
1265,NM,1990,1,71555.600000000006,110358.39999999999
1266,NM,1990,2,65559.600000000006,93142.800000000003
1267,NM,1990,3,114726.39999999999,60981.800000000003
1268,NM,2000,1,116935.2,117219.39999999999
1269,NM,2000,2,83321.600000000006,99756.399999999994
1270,NM,2000,3,150374.5,76598.25
1271,NM,2010,1,149828.66666666666,94636.666666666672
1272,NM,2010,2,76631.0,123967.66666666667
1273,NM,2010,3,150321.33333333334,90373.666666666672
1274,NY,1970,1,98419.0,76729.0
1275,NY,1970,2,69565.199999999997,67775.0
1276,NY,1970,3,79598.399999999994,82168.0
1277,NY,1970,4,66970.199999999997,105805.60000000001
1278,NY,1970,5,74136.0,105075.8
1279,NY,1970,6,96857.399999999994,69639.800000000003
1280,NY,1970,7,103110.0,28296.0
1281,NY,1970,8,93386.600000000006,31331.599999999999
1282,NY,1970,9,57573.0,43290.5
1283,NY,1970,10,57633.0,6519.3999999999996
1284,NY,1970,11,73364.399999999994,23247.0
1285,NY,1970,12,37722.599999999999,4647.6000000000004
1286,NY,1970,13,93143.399999999994,24332.0
1287,NY,1970,14,42160.199999999997,8984.6000000000004
1288,NY,1970,15,59790.0,39775.199999999997
1289,NY,1970,16,78407.0,19902.400000000001
1290,NY,1970,17,70073.0,43891.800000000003
1291,NY,1970,18,90301.800000000003,51375.0
1292,NY,1970,19,57633.0,6519.3999999999996
1293,NY,1970,20,80867.600000000006,14840.4
1294,NY,1970,21,48441.0,6366.0
1295,NY,1970,22,80335.399999999994,14674.0
1296,NY,1970,23,77994.0,79866.0
1297,NY,1970,24,93172.199999999997,72849.800000000003
1298,NY,1970,25,46885.199999999997,132239.20000000001
1299,NY,1970,26,54584.599999999999,103350.2
1300,NY,1970,27,90592.399999999994,79214.800000000003
1301,NY,1970,28,162506.20000000001,39338.0
1302,NY,1970,29,84061.800000000003,113912.60000000001
1303,NY,1970,30,61862.599999999999,96872.0
1304,NY,1970,31,59193.25,112973.0
1305,NY,1970,32,86869.199999999997,80325.199999999997
1306,NY,1970,33,48953.0,114002.8
1307,NY,1970,34,47011.75,127058.0
1308,NY,1970,35,52938.400000000001,112409.39999999999
1309,NY,1970,36,103653.0,62667.199999999997
1310,NY,1970,37,92902.399999999994,25887.799999999999
1311,NY,1970,38,47674.0,154197.5
1312,NY,1970,39,77265.800000000003,82591.199999999997
1313,NY,1980,1,78462.399999999994,79876.600000000006
1314,NY,1980,2,82547.600000000006,52521.599999999999
1315,NY,1980,3,99877.399999999994,81345.0
1316,NY,1980,4,54687.199999999997,116534.39999999999
1317,NY,1980,5,63601.800000000003,107869.39999999999
1318,NY,1980,6,74240.333333333328,22012.333333333332
1319,NY,1980,7,81507.666666666672,28862.0
1320,NY,1980,8,80477.0,41830.5
1321,NY,1980,9,58155.25,28908.0
1322,NY,1980,10,93560.75,25752.75
1323,NY,1980,11,58950.75,7103.5
1324,NY,1980,12,60768.75,5039.5
1325,NY,1980,13,68199.800000000003,21405.599999999999
1326,NY,1980,14,44316.400000000001,81421.800000000003
1327,NY,1980,15,55984.599999999999,78527.600000000006
1328,NY,1980,16,57243.400000000001,4287.0
1329,NY,1980,17,121451.0,22641.200000000001
1330,NY,1980,18,60696.5,4600.5
1331,NY,1980,19,61458.0,27294.5
1332,NY,1980,20,90412.800000000003,78244.600000000006
1333,NY,1980,21,38539.800000000003,125978.39999999999
1334,NY,1980,22,51851.199999999997,114102.0
1335,NY,1980,23,153712.5,62516.0
1336,NY,1980,24,55540.400000000001,141153.60000000001
1337,NY,1980,25,52363.666666666664,112514.33333333333
1338,NY,1980,26,47152.0,123754.0
1339,NY,1980,27,79718.600000000006,104216.60000000001
1340,NY,1980,28,106430.5,66901.25
1341,NY,1980,29,43207.199999999997,112838.2
1342,NY,1980,30,92250.199999999997,95802.199999999997
1343,NY,1980,31,67935.600000000006,120449.8
1344,NY,1980,32,114087.66666666667,50359.666666666664
1345,NY,1980,33,118862.5,25499.75
1346,NY,1980,34,76180.75,82668.75
1347,NY,1990,1,89502.199999999997,109926.8
1348,NY,1990,2,64754.0,94519.399999999994
1349,NY,1990,3,90324.399999999994,125663.8
1350,NY,1990,4,103938.2,91176.199999999997
1351,NY,1990,5,113075.60000000001,69741.0
1352,NY,1990,6,89455.666666666672,19236.666666666668
1353,NY,1990,7,70064.75,32554.75
1354,NY,1990,8,128681.2,23629.599999999999
1355,NY,1990,9,92667.0,34125.75
1356,NY,1990,10,95285.75,7271.0
1357,NY,1990,11,84918.25,7540.25
1358,NY,1990,12,64349.0,10602.75
1359,NY,1990,13,51720.599999999999,96999.600000000006
1360,NY,1990,14,117891.60000000001,54408.800000000003
1361,NY,1990,15,111494.33333333333,6310.0
1362,NY,1990,16,87799.5,4311.0
1363,NY,1990,17,93743.199999999997,14707.4
1364,NY,1990,18,113144.0,68928.25
1365,NY,1990,19,78545.0,118384.8
1366,NY,1990,20,72033.399999999994,125535.2
1367,NY,1990,21,158928.79999999999,67132.800000000003
1368,NY,1990,22,79711.800000000003,148113.0
1369,NY,1990,23,47776.5,128254.5
1370,NY,1990,24,39821.599999999999,125229.2
1371,NY,1990,25,82471.199999999997,129760.0
1372,NY,1990,26,117299.60000000001,87547.800000000003
1373,NY,1990,27,76683.399999999994,142302.0
1374,NY,1990,28,131104.60000000001,84389.199999999997
1375,NY,1990,29,117832.60000000001,82032.199999999997
1376,NY,1990,30,79179.0,125277.2
1377,NY,1990,31,46699.0,138070.75
1378,NY,2000,1,121077.8,95995.0
1379,NY,2000,2,121638.60000000001,67189.800000000003
1380,NY,2000,3,75094.600000000006,139806.20000000001
1381,NY,2000,4,123029.39999999999,79206.600000000006
1382,NY,2000,5,101563.0,43799.666666666664
1383,NY,2000,6,85096.0,11826.0
1384,NY,2000,7,81789.0,18592.400000000001
1385,NY,2000,8,122246.8,29477.0
1386,NY,2000,9,80257.666666666672,40092.666666666664
1387,NY,2000,10,114714.75,8187.25
1388,NY,2000,11,109527.5,10274.5
1389,NY,2000,12,97898.666666666672,12698.666666666666
1390,NY,2000,13,65597.800000000003,74387.399999999994
1391,NY,2000,14,138553.39999999999,34518.0
1392,NY,2000,15,123602.0,11477.0
1393,NY,2000,16,81459.800000000003,3996.1999999999998
1394,NY,2000,17,113723.8,36499.800000000003
1395,NY,2000,18,146345.25,69084.0
1396,NY,2000,19,99228.0,123593.0
1397,NY,2000,20,113680.39999999999,137550.79999999999
1398,NY,2000,21,163828.20000000001,72549.800000000003
1399,NY,2000,22,136997.0,78425.5
1400,NY,2000,23,71717.25,122531.5
1401,NY,2000,24,103858.5,114245.75
1402,NY,2000,25,105431.75,119988.5
1403,NY,2000,26,86317.800000000003,140373.60000000001
1404,NY,2000,27,127193.60000000001,85792.600000000006
1405,NY,2000,28,129053.39999999999,51803.199999999997
1406,NY,2000,29,94808.199999999997,123626.0
1407,NY,2010,1,115627.66666666667,133835.66666666666
1408,NY,2010,2,82486.333333333328,137482.33333333334
1409,NY,2010,3,136953.0,111059.33333333333
1410,NY,2010,4,146344.66666666666,97228.333333333328
1411,NY,2010,5,183694.0,24066.0
1412,NY,2010,6,124003.5,50731.5
1413,NY,2010,7,114369.0,11595.0
1414,NY,2010,8,184039.0,17650.0
1415,NY,2010,9,186141.0,24164.0
1416,NY,2010,10,178932.5,46609.5
1417,NY,2010,11,74310.333333333328,101646.0
1418,NY,2010,12,176390.66666666666,39640.666666666664
1419,NY,2010,13,191005.0,14115.0
1420,NY,2010,14,134174.0,26150.0
1421,NY,2010,15,159174.5,5278.0
1422,NY,2010,16,179562.0,53935.0
1423,NY,2010,17,134783.5,83840.0
1424,NY,2010,18,131632.66666666666,116026.0
1425,NY,2010,19,115188.33333333333,148879.66666666666
1426,NY,2010,20,180511.0,91206.666666666672
1427,NY,2010,21,89285.0,131919.33333333334
1428,NY,2010,22,108173.0,143692.5
1429,NY,2010,23,105453.66666666667,137283.0
1430,NY,2010,24,114129.33333333333,142763.0
1431,NY,2010,25,153187.66666666666,123990.33333333333
1432,NY,2010,26,180362.33333333334,65984.0
1433,NY,2010,27,107654.0,175593.33333333334
1434,NC,1970,1,74772.0,24317.25
1435,NC,1970,2,83315.333333333328,29042.333333333332
1436,NC,1970,3,72169.0,32210.666666666668
1437,NC,1970,4,81251.0,62510.25
1438,NC,1970,5,77260.800000000003,79348.199999999997
1439,NC,1970,6,63885.666666666664,46354.333333333336
1440,NC,1970,7,73767.75,30524.25
1441,NC,1970,8,74653.199999999997,57782.599999999999
1442,NC,1970,9,53934.0,76199.600000000006
1443,NC,1970,10,52957.75,96790.0
1444,NC,1970,11,88746.800000000003,73822.800000000003
1445,NC,1980,1,103550.0,47616.400000000001
1446,NC,1980,2,102052.0,42345.75
1447,NC,1980,3,81127.75,48038.75
1448,NC,1980,4,109667.8,90400.600000000006
1449,NC,1980,5,101678.0,83046.0
1450,NC,1980,6,74826.0,95084.800000000003
1451,NC,1980,7,85699.0,45893.0
1452,NC,1980,8,90059.0,76405.399999999994
1453,NC,1980,9,77040.199999999997,105003.8
1454,NC,1980,10,62867.5,111432.25
1455,NC,1980,11,98604.600000000006,98930.0
1456,NC,1990,1,100192.0,52900.199999999997
1457,NC,1990,2,107383.60000000001,89611.800000000003
1458,NC,1990,3,71947.600000000006,95370.199999999997
1459,NC,1990,4,147018.60000000001,101293.0
1460,NC,1990,5,77788.75,109026.75
1461,NC,1990,6,62611.0,165325.0
1462,NC,1990,7,100689.0,66914.75
1463,NC,1990,8,86553.600000000006,78022.600000000006
1464,NC,1990,9,66553.399999999994,137102.0
1465,NC,1990,10,64531.25,144907.25
1466,NC,1990,11,94522.399999999994,127685.8
1467,NC,1990,12,105493.39999999999,51516.400000000001
1468,NC,2000,1,131720.75,70197.0
1469,NC,2000,2,124663.2,73849.199999999997
1470,NC,2000,3,68091.5,154073.25
1471,NC,2000,4,179620.20000000001,107761.2
1472,NC,2000,5,91351.0,146581.60000000001
1473,NC,2000,6,70298.5,173293.25
1474,NC,2000,7,146010.39999999999,69090.800000000003
1475,NC,2000,8,94695.600000000006,93211.399999999994
1476,NC,2000,9,80579.600000000006,171385.39999999999
1477,NC,2000,10,78341.0,131483.60000000001
1478,NC,2000,11,137032.20000000001,122343.8
1479,NC,2000,12,128895.39999999999,60548.400000000001
1480,NC,2000,13,139441.0,90815.600000000006
1481,NC,2010,1,216546.0,78281.666666666672
1482,NC,2010,2,127844.66666666667,172559.66666666666
1483,NC,2010,3,95555.333333333328,184172.33333333334
1484,NC,2010,4,236286.66666666666,92176.0
1485,NC,2010,5,128370.66666666667,182616.33333333334
1486,NC,2010,6,129797.33333333333,192470.33333333334
1487,NC,2010,7,129551.33333333333,171424.33333333334
1488,NC,2010,8,112058.33333333333,157375.33333333334
1489,NC,2010,9,155272.0,193994.5
1490,NC,2010,10,119411.33333333333,181718.33333333334
1491,NC,2010,11,118517.33333333333,188468.66666666666
1492,NC,2010,12,203934.0,73690.0
1493,NC,2010,13,143627.33333333334,187976.33333333334
1494,ND,1970,1,103014.0,155803.0
1495,ND,1980,1,202174.60000000001,74181.800000000003
1496,ND,1990,1,141616.20000000001,110375.2
1497,ND,2000,1,150051.20000000001,111903.60000000001
1498,ND,2010,1,102641.33333333333,181837.66666666666
1499,OH,1970,1,50490.599999999999,99443.0
1500,OH,1970,2,76778.0,79268.199999999997
1501,OH,1970,3,56774.75,82663.75
1502,OH,1970,4,51715.0,106365.8
1503,OH,1970,5,54387.0,113730.60000000001
1504,OH,1970,6,59984.0,96836.0
1505,OH,1970,7,42845.0,99555.666666666672
1506,OH,1970,8,48424.800000000003,92533.600000000006
1507,OH,1970,9,81351.600000000006,62490.400000000001
1508,OH,1970,10,46403.599999999999,120016.60000000001
1509,OH,1970,11,47562.199999999997,105029.39999999999
1510,OH,1970,12,82340.800000000003,89525.600000000006
1511,OH,1970,13,81626.399999999994,68303.199999999997
1512,OH,1970,14,107268.60000000001,40856.599999999999
1513,OH,1970,15,49689.199999999997,104966.60000000001
1514,OH,1970,16,49842.599999999999,113297.0
1515,OH,1970,17,57607.800000000003,94825.600000000006
1516,OH,1970,18,108548.0,47795.400000000001
1517,OH,1970,19,89064.600000000006,72733.399999999994
1518,OH,1970,20,101853.5,14807.5
1519,OH,1970,21,78436.800000000003,11983.4
1520,OH,1970,22,112671.2,49932.0
1521,OH,1970,23,94563.75,56735.0
1522,OH,1980,1,103562.2,73743.399999999994
1523,OH,1980,2,56239.199999999997,121866.0
1524,OH,1980,3,120132.0,38915.5
1525,OH,1980,4,48842.25,121733.5
1526,OH,1980,5,65155.599999999999,111700.2
1527,OH,1980,6,51673.400000000001,123609.0
1528,OH,1980,7,53984.0,118861.75
1529,OH,1980,8,49282.599999999999,121264.2
1530,OH,1980,9,118806.2,51657.199999999997
1531,OH,1980,10,55310.199999999997,121186.60000000001
1532,OH,1980,11,113532.2,59047.599999999999
1533,OH,1980,12,56531.400000000001,128072.2
1534,OH,1980,13,108667.2,57130.0
1535,OH,1980,14,120288.2,59863.199999999997
1536,OH,1980,15,55928.199999999997,119367.8
1537,OH,1980,16,53189.0,128202.2
1538,OH,1980,17,122395.39999999999,66677.399999999994
1539,OH,1980,18,142615.66666666666,45769.666666666664
1540,OH,1980,19,130039.0,80811.199999999997
1541,OH,1980,20,125171.0,27040.5
1542,OH,1980,21,129879.0,24827.200000000001
1543,OH,1990,1,93612.399999999994,104860.0
1544,OH,1990,2,58350.599999999999,174645.79999999999
1545,OH,1990,3,127548.75,74330.75
1546,OH,1990,4,73140.75,140868.75
1547,OH,1990,5,63642.25,143851.75
1548,OH,1990,6,114057.0,99419.800000000003
1549,OH,1990,7,59547.75,151673.25
1550,OH,1990,8,60688.25,162478.0
1551,OH,1990,9,153391.20000000001,43494.800000000003
1552,OH,1990,10,112608.8,88030.0
1553,OH,1990,11,140368.79999999999,29322.799999999999
1554,OH,1990,12,76188.600000000006,140002.20000000001
1555,OH,1990,13,132138.0,83876.0
1556,OH,1990,14,128195.0,79506.199999999997
1557,OH,1990,15,64038.199999999997,130143.2
1558,OH,1990,16,65932.600000000006,146969.0
1559,OH,1990,17,152389.5,49171.75
1560,OH,1990,18,103250.0,112630.60000000001
1561,OH,1990,19,92767.399999999994,132132.60000000001
1562,OH,2000,1,104222.8,126864.60000000001
1563,OH,2000,2,92524.399999999994,154826.0
1564,OH,2000,3,95167.199999999997,157946.20000000001
1565,OH,2000,4,82594.800000000003,149989.79999999999
1566,OH,2000,5,81566.199999999997,156471.20000000001
1567,OH,2000,6,129688.25,89157.25
1568,OH,2000,7,86342.199999999997,149664.20000000001
1569,OH,2000,8,75810.199999999997,160655.79999999999
1570,OH,2000,9,167027.60000000001,71503.600000000006
1571,OH,2000,10,139881.39999999999,79992.800000000003
1572,OH,2000,11,153937.25,32683.25
1573,OH,2000,12,111620.60000000001,161889.39999999999
1574,OH,2000,13,154213.39999999999,87557.199999999997
1575,OH,2000,14,93426.199999999997,163700.0
1576,OH,2000,15,101104.2,128434.0
1577,OH,2000,16,103658.60000000001,144078.0
1578,OH,2000,17,159852.79999999999,57110.400000000001
1579,OH,2000,18,116352.25,118579.0
1580,OH,2010,1,116246.0,178900.0
1581,OH,2010,2,105743.0,182716.66666666666
1582,OH,2010,3,164493.66666666666,73646.0
1583,OH,2010,4,91120.0,172925.66666666666
1584,OH,2010,5,98901.666666666672,193520.66666666666
1585,OH,2010,6,102261.66666666667,163179.0
1586,OH,2010,7,113673.0,188162.5
1587,OH,2010,8,69664.0,175186.0
1588,OH,2010,9,173537.0,69599.0
1589,OH,2010,10,101442.33333333333,184892.33333333334
1590,OH,2010,11,190011.0,47615.0
1591,OH,2010,12,102870.66666666667,211904.33333333334
1592,OH,2010,13,188110.66666666666,80910.0
1593,OH,2010,14,111133.66666666667,179529.0
1594,OH,2010,15,102757.66666666667,185540.0
1595,OH,2010,16,121877.66666666667,181045.66666666666
1596,OK,1970,1,94047.0,66310.800000000003
1597,OK,1970,2,91931.399999999994,66096.0
1598,OK,1970,3,151271.0,31732.0
1599,OK,1970,4,84810.25,45353.5
1600,OK,1970,5,49072.400000000001,66914.199999999997
1601,OK,1970,6,94351.800000000003,66052.399999999994
1602,OK,1980,1,80916.600000000006,85159.399999999994
1603,OK,1980,2,120278.2,53514.400000000001
1604,OK,1980,3,120320.75,30990.75
1605,OK,1980,4,97378.75,42781.0
1606,OK,1980,5,46110.400000000001,119342.0
1607,OK,1980,6,108198.0,43474.75
1608,OK,1990,1,68634.0,119854.0
1609,OK,1990,2,90184.0,89932.399999999994
1610,OK,1990,3,103368.75,70307.5
1611,OK,1990,4,77788.600000000006,88536.199999999997
1612,OK,1990,5,66657.5,127243.75
1613,OK,1990,6,70193.399999999994,93084.800000000003
1614,OK,2000,1,90748.5,154258.75
1615,OK,2000,2,146126.79999999999,69219.800000000003
1616,OK,2000,3,56578.333333333336,158091.66666666666
1617,OK,2000,4,78590.333333333328,134932.66666666666
1618,OK,2000,5,76058.0,141180.20000000001
1619,OK,2010,1,91421.0,181084.0
1620,OK,2010,2,65810.666666666672,148155.0
1621,OK,2010,3,50944.0,187534.66666666666
1622,OK,2010,4,63105.333333333336,166201.33333333334
1623,OK,2010,5,86189.0,136473.0
1624,OR,1970,1,141603.60000000001,112837.39999999999
1625,OR,1970,2,151116.0,79068.25
1626,OR,1970,3,142235.66666666666,66572.333333333328
1627,OR,1970,4,117335.8,107934.39999999999
1628,OR,1980,1,145764.60000000001,92569.800000000003
1629,OR,1980,2,79120.399999999994,121298.2
1630,OR,1980,3,170663.0,45023.25
1631,OR,1980,4,115954.5,77139.0
1632,OR,1980,5,105110.60000000001,114675.0
1633,OR,1990,1,143109.39999999999,123221.60000000001
1634,OR,1990,2,86215.600000000006,166976.39999999999
1635,OR,1990,3,179155.75,55708.25
1636,OR,1990,4,178229.0,77684.399999999994
1637,OR,1990,5,141842.0,111121.60000000001
1638,OR,2000,1,170688.0,107460.75
1639,OR,2000,2,79242.199999999997,210818.0
1640,OR,2000,3,207225.79999999999,68634.399999999994
1641,OR,2000,4,184946.0,117596.75
1642,OR,2000,5,159283.0,128693.60000000001
1643,OR,2010,1,194424.66666666666,115233.33333333333
1644,OR,2010,2,92388.666666666672,234456.33333333334
1645,OR,2010,3,238363.5,63874.5
1646,OR,2010,4,205039.33333333334,138275.33333333334
1647,OR,2010,5,175892.66666666666,136666.0
1648,PA,1970,1,109826.60000000001,41115.199999999997
1649,PA,1970,2,106247.75,33949.5
1650,PA,1970,3,87680.600000000006,39117.199999999997
1651,PA,1970,4,111879.39999999999,92064.199999999997
1652,PA,1970,5,57610.0,116803.39999999999
1653,PA,1970,6,117740.8,48314.800000000003
1654,PA,1970,7,91569.199999999997,90470.0
1655,PA,1970,8,80321.600000000006,88803.199999999997
1656,PA,1970,9,50037.333333333336,90315.0
1657,PA,1970,10,51949.800000000003,126277.39999999999
1658,PA,1970,11,106391.39999999999,62510.400000000001
1659,PA,1970,12,95995.399999999994,73194.800000000003
1660,PA,1970,13,61898.400000000001,123939.60000000001
1661,PA,1970,14,96869.600000000006,47352.400000000001
1662,PA,1970,15,83371.0,72009.0
1663,PA,1970,16,40984.0,100924.8
1664,PA,1970,17,74433.0,78052.199999999997
1665,PA,1970,18,85072.399999999994,90749.399999999994
1666,PA,1970,19,50055.800000000003,105269.60000000001
1667,PA,1970,20,116995.2,45487.199999999997
1668,PA,1970,21,95640.600000000006,57425.800000000003
1669,PA,1970,22,99850.199999999997,54655.800000000003
1670,PA,1970,23,65707.0,85499.399999999994
1671,PA,1970,24,82882.0,76891.800000000003
1672,PA,1970,25,85695.0,75265.600000000006
1673,PA,1980,1,108294.39999999999,35258.400000000001
1674,PA,1980,2,159796.66666666666,12902.333333333334
1675,PA,1980,3,116612.2,77071.600000000006
1676,PA,1980,4,99761.800000000003,63468.800000000003
1677,PA,1980,5,47351.800000000003,109751.2
1678,PA,1980,6,98721.25,51846.0
1679,PA,1980,7,85965.399999999994,116088.39999999999
1680,PA,1980,8,98957.800000000003,83683.800000000003
1681,PA,1980,9,54566.0,105379.5
1682,PA,1980,10,46466.5,128120.5
1683,PA,1980,11,103735.33333333333,67320.666666666672
1684,PA,1980,12,102143.5,52150.5
1685,PA,1980,13,74247.399999999994,117123.0
1686,PA,1980,14,124403.75,35653.0
1687,PA,1980,15,64764.800000000003,89750.199999999997
1688,PA,1980,16,40659.199999999997,110967.0
1689,PA,1980,17,49022.0,105011.33333333333
1690,PA,1980,18,114680.60000000001,79957.0
1691,PA,1980,19,41486.5,121948.75
1692,PA,1980,20,122704.0,43837.666666666664
1693,PA,1980,21,52414.25,114722.5
1694,PA,1980,22,119758.25,41254.0
1695,PA,1980,23,63814.0,90147.0
1696,PA,1990,1,124492.0,22913.200000000001
1697,PA,1990,2,139139.5,26694.5
1698,PA,1990,3,108289.60000000001,60282.0
1699,PA,1990,4,130519.60000000001,79663.199999999997
1700,PA,1990,5,76627.0,116303.0
1701,PA,1990,6,107797.2,74834.199999999997
1702,PA,1990,7,74390.0,155055.0
1703,PA,1990,8,77489.399999999994,124325.60000000001
1704,PA,1990,9,50650.0,142105.0
1705,PA,1990,10,80627.75,110191.75
1706,PA,1990,11,117996.0,58113.599999999999
1707,PA,1990,12,125176.5,53651.0
1708,PA,1990,13,115421.8,111057.2
1709,PA,1990,14,119305.0,61549.5
1710,PA,1990,15,92819.600000000006,90797.399999999994
1711,PA,1990,16,64257.599999999999,126095.0
1712,PA,1990,17,63327.333333333336,155690.66666666666
1713,PA,1990,18,114668.60000000001,88095.399999999994
1714,PA,1990,19,62988.5,123580.25
1715,PA,1990,20,117168.5,93265.75
1716,PA,1990,21,80242.199999999997,115345.0
1717,PA,2000,1,192779.0,25141.333333333332
1718,PA,2000,2,205877.20000000001,25812.599999999999
1719,PA,2000,3,107891.0,131692.75
1720,PA,2000,4,125437.39999999999,144256.20000000001
1721,PA,2000,5,80446.666666666672,132688.66666666666
1722,PA,2000,6,127088.39999999999,139647.20000000001
1723,PA,2000,7,135630.79999999999,147493.0
1724,PA,2000,8,131335.39999999999,142140.79999999999
1725,PA,2000,9,72402.399999999994,149285.60000000001
1726,PA,2000,10,120266.0,111047.33333333333
1727,PA,2000,11,114773.75,90476.5
1728,PA,2000,12,124249.25,82180.0
1729,PA,2000,13,148530.79999999999,100650.0
1730,PA,2000,14,122073.0,49997.0
1731,PA,2000,15,96428.600000000006,133249.39999999999
1732,PA,2000,16,92628.0,150950.75
1733,PA,2000,17,144866.60000000001,98351.600000000006
1734,PA,2000,18,100101.8,167529.60000000001
1735,PA,2000,19,79235.666666666672,175531.0
1736,PA,2010,1,204144.33333333334,40706.666666666664
1737,PA,2010,2,273943.66666666669,31303.0
1738,PA,2010,3,98932.0,139842.5
1739,PA,2010,4,89421.666666666672,183107.0
1740,PA,2010,5,90548.666666666672,166503.0
1741,PA,2010,6,130112.0,172594.0
1742,PA,2010,7,128863.0,193829.66666666666
1743,PA,2010,8,137060.33333333334,181526.33333333334
1744,PA,2010,9,92112.0,155283.66666666666
1745,PA,2010,10,76262.333333333328,167898.66666666666
1746,PA,2010,11,98086.333333333328,162950.66666666666
1747,PA,2010,12,129623.33333333333,175065.33333333334
1748,PA,2010,13,166751.0,77233.5
1749,PA,2010,14,253612.5,81850.5
1750,PA,2010,15,126446.5,179789.0
1751,PA,2010,16,106761.33333333333,142194.33333333334
1752,PA,2010,17,137602.33333333334,104336.33333333333
1753,PA,2010,18,122146.0,216727.0
1754,RI,1970,1,110038.2,57411.400000000001
1755,RI,1970,2,116463.60000000001,69121.800000000003
1756,RI,1980,1,94037.600000000006,75809.0
1757,RI,1980,2,70131.800000000003,113041.39999999999
1758,RI,1990,1,95187.0,72246.399999999994
1759,RI,1990,2,123531.60000000001,46181.199999999997
1760,RI,2000,1,114281.60000000001,58785.400000000001
1761,RI,2000,2,136660.0,50937.0
1762,RI,2010,1,108735.33333333333,71212.333333333328
1763,RI,2010,2,120963.66666666667,70778.0
1764,SC,1970,1,71441.0,47863.199999999997
1765,SC,1970,2,58045.25,76469.0
1766,SC,1970,3,76754.25,34258.0
1767,SC,1970,4,61816.0,35977.0
1768,SC,1970,5,60010.0,44669.666666666664
1769,SC,1970,6,61345.75,60440.25
1770,SC,1980,1,54489.199999999997,81922.600000000006
1771,SC,1980,2,65562.75,87017.25
1772,SC,1980,3,82414.5,56556.0
1773,SC,1980,4,67484.199999999997,74144.0
1774,SC,1980,5,88652.0,39906.5
1775,SC,1980,6,93257.0,46884.5
1776,SC,1990,1,63433.0,119779.33333333333
1777,SC,1990,2,97768.0,136960.5
1778,SC,1990,3,79910.5,107558.0
1779,SC,1990,4,65254.5,113233.5
1780,SC,1990,5,101731.8,74966.800000000003
1781,SC,1990,6,116794.8,51561.599999999999
1782,SC,2000,1,101316.66666666667,148687.0
1783,SC,2000,2,110397.75,158279.25
1784,SC,2000,3,74150.25,136140.0
1785,SC,2000,4,72846.0,149759.20000000001
1786,SC,2000,5,135904.25,101026.5
1787,SC,2000,6,139524.60000000001,70852.199999999997
1788,SC,2010,1,111668.0,185159.0
1789,SC,2010,2,89085.5,152697.5
1790,SC,2010,3,68283.0,160859.33333333334
1791,SC,2010,4,90820.0,185924.5
1792,SC,2010,5,100400.0,139690.33333333334
1793,SC,2010,6,151847.0,57205.0
1794,SC,2010,7,101236.33333333333,144123.0
1795,SD,1970,1,72381.399999999994,76628.199999999997
1796,SD,1970,2,53893.0,85532.800000000003
1797,SD,1980,1,178511.60000000001,111650.60000000001
1798,SD,1990,1,135081.39999999999,162612.39999999999
1799,SD,2000,1,198918.20000000001,146675.79999999999
1800,SD,2010,1,126361.33333333333,209545.66666666666
1801,TN,1970,1,47865.0,94296.5
1802,TN,1970,2,44923.0,119426.0
1803,TN,1970,3,91422.25,67504.5
1804,TN,1970,4,115327.0,28821.5
1805,TN,1970,5,93556.333333333328,55033.666666666664
1806,TN,1970,6,55623.5,96431.5
1807,TN,1970,7,107629.33333333333,37985.333333333336
1808,TN,1970,8,80906.0,64463.0
1809,TN,1980,1,31109.0,96437.333333333328
1810,TN,1980,2,48824.666666666664,109543.66666666667
1811,TN,1980,3,83478.399999999994,64282.400000000001
1812,TN,1980,4,79800.666666666672,33922.0
1813,TN,1980,5,97204.0,42881.0
1814,TN,1980,6,97589.75,39209.75
1815,TN,1980,7,46019.5,93975.75
1816,TN,1980,8,96738.333333333328,37719.333333333336
1817,TN,1980,9,98066.666666666672,39868.666666666664
1818,TN,1990,1,42966.75,101081.0
1819,TN,1990,2,56953.5,149665.0
1820,TN,1990,3,75635.0,103138.8
1821,TN,1990,4,68519.199999999997,86284.199999999997
1822,TN,1990,5,127681.75,51924.0
1823,TN,1990,6,115774.39999999999,79354.199999999997
1824,TN,1990,7,70782.25,133846.75
1825,TN,1990,8,121586.33333333333,55175.333333333336
1826,TN,1990,9,102463.5,54715.25
1827,TN,2000,1,51367.25,143057.0
1828,TN,2000,2,44650.800000000003,177738.60000000001
1829,TN,2000,3,65977.800000000003,137239.0
1830,TN,2000,4,115028.8,91307.600000000006
1831,TN,2000,5,136284.20000000001,68236.0
1832,TN,2000,6,117424.0,83458.25
1833,TN,2000,7,69763.75,166712.5
1834,TN,2000,8,121501.0,62989.25
1835,TN,2000,9,131272.0,35486.333333333336
1836,TN,2010,1,43343.5,190272.5
1837,TN,2010,2,53511.666666666664,176744.0
1838,TN,2010,3,73934.666666666672,143929.0
1839,TN,2010,4,80840.0,126393.0
1840,TN,2010,5,146293.33333333334,81250.333333333328
1841,TN,2010,6,49613.5,158732.5
1842,TN,2010,7,56395.0,164557.0
1843,TN,2010,8,64282.666666666664,169188.0
1844,TN,2010,9,149143.0,42679.333333333336
1845,TX,1970,1,86172.666666666672,23217.666666666668
1846,TX,1970,2,103275.66666666667,41642.0
1847,TX,1970,3,47267.0,144011.0
1848,TX,1970,4,82080.0,49959.800000000003
1849,TX,1970,5,52015.599999999999,52390.800000000003
1850,TX,1970,6,96825.600000000006,40841.199999999997
1851,TX,1970,7,31608.0,153128.5
1852,TX,1970,8,59164.199999999997,40677.199999999997
1853,TX,1970,9,59060.0,32623.333333333332
1854,TX,1970,10,116767.5,46327.5
1855,TX,1970,11,64108.0,42740.333333333336
1856,TX,1970,12,72501.5,32463.25
1857,TX,1970,13,80134.399999999994,60318.599999999999
1858,TX,1970,14,83808.666666666672,51536.0
1859,TX,1970,15,87574.0,36129.666666666664
1860,TX,1970,16,62483.0,37621.0
1861,TX,1970,17,69030.0,32302.0
1862,TX,1970,18,72051.75,14229.25
1863,TX,1970,19,71318.5,60530.5
1864,TX,1970,20,84113.0,17725.0
1865,TX,1970,21,83208.800000000003,90460.800000000003
1866,TX,1970,22,80122.199999999997,63856.800000000003
1867,TX,1970,23,104595.0,45139.0
1868,TX,1970,24,68554.600000000006,39622.400000000001
1869,TX,1980,1,105903.5,65655.5
1870,TX,1980,2,89576.0,65127.666666666664
1871,TX,1980,3,41913.333333333336,185517.66666666666
1872,TX,1980,4,112950.5,56422.25
1873,TX,1980,5,67557.0,42062.5
1874,TX,1980,6,77549.75,126853.25
1875,TX,1980,7,29290.0,159268.5
1876,TX,1980,8,43576.666666666664,76647.0
1877,TX,1980,9,88148.75,55990.25
1878,TX,1980,10,144323.5,62883.0
1879,TX,1980,11,73810.0,64269.0
1880,TX,1980,12,87256.666666666672,37645.666666666664
1881,TX,1980,13,81562.0,78521.399999999994
1882,TX,1980,14,88846.800000000003,79746.800000000003
1883,TX,1980,15,105005.60000000001,34797.0
1884,TX,1980,16,56996.333333333336,39691.333333333336
1885,TX,1980,17,105005.60000000001,34797.0
1886,TX,1980,18,88820.0,19252.0
1887,TX,1980,19,64951.75,75907.5
1888,TX,1980,20,94527.0,36801.0
1889,TX,1980,21,48878.75,137835.0
1890,TX,1980,22,48191.5,105210.5
1891,TX,1980,23,79721.666666666672,47592.666666666664
1892,TX,1980,24,79478.333333333328,42773.333333333336
1893,TX,1980,25,97139.666666666672,49376.333333333336
1894,TX,1980,26,77306.399999999994,128122.8
1895,TX,1980,27,86060.0,47746.0
1896,TX,1990,1,97030.5,76029.75
1897,TX,1990,2,97699.5,76244.0
1898,TX,1990,3,67233.0,187486.0
1899,TX,1990,4,117662.60000000001,74547.0
1900,TX,1990,5,60256.800000000003,58921.0
1901,TX,1990,6,52777.0,151378.33333333334
1902,TX,1990,7,60694.0,183712.0
1903,TX,1990,8,53473.0,179349.0
1904,TX,1990,9,93151.199999999997,73353.0
1905,TX,1990,10,141012.33333333334,82077.333333333328
1906,TX,1990,11,100609.5,67751.0
1907,TX,1990,12,79683.800000000003,80243.800000000003
1908,TX,1990,13,65850.199999999997,94442.800000000003
1909,TX,1990,14,95201.600000000006,88999.0
1910,TX,1990,15,70545.5,45700.75
1911,TX,1990,16,74863.75,43867.75
1912,TX,1990,17,103085.0,73946.0
1913,TX,1990,18,109356.33333333333,40808.0
1914,TX,1990,19,35601.0,142411.0
1915,TX,1990,20,66220.0,37332.666666666664
1916,TX,1990,21,65497.0,215952.66666666666
1917,TX,1990,22,52866.0,110979.8
1918,TX,1990,23,57209.800000000003,93252.399999999994
1919,TX,1990,24,69029.0,48198.599999999999
1920,TX,1990,25,71006.600000000006,51652.599999999999
1921,TX,1990,26,46501.25,135661.0
1922,TX,1990,27,82684.600000000006,50290.800000000003
1923,TX,1990,28,92067.0,31484.0
1924,TX,1990,29,51545.75,21576.0
1925,TX,1990,30,79533.333333333328,28346.333333333332
1926,TX,2000,1,76322.666666666672,109273.66666666667
1927,TX,2000,2,79576.0,94699.0
1928,TX,2000,3,60893.25,118646.5
1929,TX,2000,4,72641.800000000003,140108.79999999999
1930,TX,2000,5,56218.25,106368.75
1931,TX,2000,6,67203.600000000006,131447.60000000001
1932,TX,2000,7,92960.666666666672,145797.66666666666
1933,TX,2000,8,58542.25,163452.25
1934,TX,2000,9,93759.666666666672,41989.333333333336
1935,TX,2000,10,96406.666666666672,140733.0
1936,TX,2000,11,49668.666666666664,123702.66666666667
1937,TX,2000,12,58169.0,140784.25
1938,TX,2000,13,38839.666666666664,135862.0
1939,TX,2000,14,51694.666666666664,112636.0
1940,TX,2000,15,75112.25,46733.75
1941,TX,2000,16,78939.0,40511.5
1942,TX,2000,17,99930.600000000006,96018.0
1943,TX,2000,18,99705.5,29147.5
1944,TX,2000,19,54805.25,126451.0
1945,TX,2000,20,99474.333333333328,43772.666666666664
1946,TX,2000,21,77893.5,164255.0
1947,TX,2000,22,89353.399999999994,123071.2
1948,TX,2000,23,76648.199999999997,91231.600000000006
1949,TX,2000,24,79691.25,107009.0
1950,TX,2000,25,114706.39999999999,63162.0
1951,TX,2000,26,71823.399999999994,142819.60000000001
1952,TX,2000,27,79557.600000000006,53191.199999999997
1953,TX,2000,28,90995.75,48943.75
1954,TX,2000,29,53383.0,20228.0
1955,TX,2000,30,106224.75,25965.0
1956,TX,2000,31,72831.75,134558.75
1957,TX,2000,32,62569.800000000003,95452.399999999994
1958,TX,2010,1,54515.0,161946.66666666666
1959,TX,2010,2,75068.333333333328,143430.66666666666
1960,TX,2010,3,109420.0,193684.0
1961,TX,2010,4,60214.0,182679.0
1962,TX,2010,5,69178.0,134091.0
1963,TX,2010,6,86582.333333333328,132265.66666666666
1964,TX,2010,7,82340.666666666672,125647.0
1965,TX,2010,8,51051.0,194043.0
1966,TX,2010,9,148053.5,36315.0
1967,TX,2010,10,92041.0,149576.66666666666
1968,TX,2010,11,41970.0,177742.0
1969,TX,2010,12,61288.666666666664,161772.33333333334
1970,TX,2010,13,16822.0,110842.0
1971,TX,2010,14,87098.666666666672,127402.33333333333
1972,TX,2010,15,80725.333333333328,53316.333333333336
1973,TX,2010,16,75370.5,36183.5
1974,TX,2010,17,64826.0,117612.0
1975,TX,2010,18,124159.0,39523.333333333336
1976,TX,2010,19,21458.0,90160.0
1977,TX,2010,20,119032.0,62376.0
1978,TX,2010,21,119545.5,194991.0
1979,TX,2010,22,83908.666666666672,147797.66666666666
1980,TX,2010,23,86413.0,85194.333333333328
1981,TX,2010,24,80860.666666666672,132381.0
1982,TX,2010,25,93454.333333333328,147451.0
1983,TX,2010,26,84372.0,194186.0
1984,TX,2010,27,71958.666666666672,115425.66666666667
1985,TX,2010,28,117271.0,53524.5
1986,TX,2010,29,95649.0,31646.0
1987,TX,2010,30,170780.5,36370.0
1988,TX,2010,31,77514.666666666672,134338.33333333334
1989,TX,2010,32,77306.5,121574.0
1990,TX,2010,33,89130.5,31737.0
1991,TX,2010,34,80582.333333333328,48527.333333333336
1992,TX,2010,35,96787.333333333328,49106.0
1993,TX,2010,36,45843.0,133534.0
1994,UT,1970,1,129160.39999999999,101556.8
1995,UT,1970,2,101273.60000000001,133736.39999999999
1996,UT,1980,1,71454.399999999994,110031.60000000001
1997,UT,1980,2,91648.399999999994,79539.399999999994
1998,UT,1980,3,57080.75,101230.0
1999,UT,1990,1,62555.599999999999,141083.20000000001
2000,UT,1990,2,103430.2,106921.8
2001,UT,1990,3,103314.75,97755.25
2002,UT,2000,1,69778.0,150694.39999999999
2003,UT,2000,2,155812.39999999999,115443.8
2004,UT,2000,3,62311.400000000001,139763.79999999999
2005,UT,2010,1,56804.666666666664,147548.66666666666
2006,UT,2010,2,74847.0,137993.33333333334
2007,UT,2010,3,56164.666666666664,170456.33333333334
2008,UT,2010,4,100213.66666666667,113856.0
2009,VT,1970,1,51208.5,102657.75
2010,VT,1980,1,67726.0,111022.75
2011,VT,1990,1,160490.39999999999,78232.399999999994
2012,VT,2000,1,166539.75,85127.5
2013,VT,2010,1,165974.5,63487.5
2014,VA,1970,1,68546.0,63085.666666666664
2015,VA,1970,2,34396.666666666664,69474.0
2016,VA,1970,3,60962.0,96524.0
2017,VA,1970,4,52044.25,68151.0
2018,VA,1970,5,84617.199999999997,59705.599999999999
2019,VA,1970,6,40639.0,60497.0
2020,VA,1970,7,47024.666666666664,75968.0
2021,VA,1970,8,67686.0,63238.400000000001
2022,VA,1970,9,54645.0,91697.199999999997
2023,VA,1970,10,85257.199999999997,80844.800000000003
2024,VA,1980,1,64825.599999999999,96732.199999999997
2025,VA,1980,2,80578.5,54350.5
2026,VA,1980,3,44386.666666666664,81526.0
2027,VA,1980,4,80695.0,67708.0
2028,VA,1980,5,97242.0,78396.0
2029,VA,1980,6,94999.5,65716.75
2030,VA,1980,7,60940.666666666664,89183.333333333328
2031,VA,1980,8,78464.399999999994,99686.600000000006
2032,VA,1980,9,97320.0,78334.0
2033,VA,1980,10,75852.0,126613.8
2034,VA,1990,1,77462.0,142603.66666666666
2035,VA,1990,2,94292.0,72403.5
2036,VA,1990,3,119855.66666666667,29880.333333333332
2037,VA,1990,4,140934.66666666666,61160.0
2038,VA,1990,5,103512.25,89441.5
2039,VA,1990,6,61863.333333333336,116687.33333333333
2040,VA,1990,7,73070.5,191148.0
2041,VA,1990,8,134576.0,76692.199999999997
2042,VA,1990,9,116743.8,64685.199999999997
2043,VA,1990,10,57132.0,139128.33333333334
2044,VA,1990,11,89108.0,122622.0
2045,VA,2000,1,101779.66666666667,161097.33333333334
2046,VA,2000,2,101132.25,109637.25
2047,VA,2000,3,137063.5,57373.5
2048,VA,2000,4,103250.66666666667,168392.66666666666
2049,VA,2000,5,101419.2,134160.79999999999
2050,VA,2000,6,114367.0,192350.0
2051,VA,2000,7,88949.75,162276.0
2052,VA,2000,8,151767.0,81112.199999999997
2053,VA,2000,9,116640.5,76968.75
2054,VA,2000,10,96169.600000000006,162873.60000000001
2055,VA,2000,11,132283.5,145566.0
2056,VA,2010,1,119960.0,187639.66666666666
2057,VA,2010,2,111055.33333333333,152754.66666666666
2058,VA,2010,3,233768.0,81110.0
2059,VA,2010,4,141865.33333333334,155235.66666666666
2060,VA,2010,5,123678.33333333333,175167.33333333334
2061,VA,2010,6,112059.5,218374.5
2062,VA,2010,7,136028.33333333334,196355.33333333334
2063,VA,2010,8,200534.0,89855.666666666672
2064,VA,2010,9,102138.5,198860.0
2065,VA,2010,10,139897.66666666666,183581.0
2066,VA,2010,11,154693.0,96849.0
2067,WA,1970,1,60431.199999999997,131548.60000000001
2068,WA,1970,2,107283.0,76911.199999999997
2069,WA,1970,3,120126.60000000001,65999.399999999994
2070,WA,1970,4,96724.399999999994,83990.800000000003
2071,WA,1970,5,111337.0,69641.800000000003
2072,WA,1970,6,110725.39999999999,56745.800000000003
2073,WA,1970,7,107974.2,48890.800000000003
2074,WA,1980,1,96447.0,124491.0
2075,WA,1980,2,115281.25,71460.0
2076,WA,1980,3,113517.39999999999,70648.600000000006
2077,WA,1980,4,45589.599999999999,123909.2
2078,WA,1980,5,131431.39999999999,53811.0
2079,WA,1980,6,101879.60000000001,50996.599999999999
2080,WA,1980,7,141152.0,51915.800000000003
2081,WA,1980,8,70539.800000000003,121037.8
2082,WA,1990,1,126737.39999999999,115626.39999999999
2083,WA,1990,2,118484.8,119647.0
2084,WA,1990,3,125178.2,109320.8
2085,WA,1990,4,82976.800000000003,113889.2
2086,WA,1990,5,103690.60000000001,121239.2
2087,WA,1990,6,144408.20000000001,71765.800000000003
2088,WA,1990,7,193570.0,50860.333333333336
2089,WA,1990,8,83686.199999999997,157153.60000000001
2090,WA,1990,9,107197.8,81363.199999999997
2091,WA,2000,1,177692.39999999999,103725.60000000001
2092,WA,2000,2,166664.60000000001,113272.8
2093,WA,2000,3,162462.0,110726.8
2094,WA,2000,4,79503.0,140959.20000000001
2095,WA,2000,5,100872.8,165972.79999999999
2096,WA,2000,6,169020.20000000001,86115.199999999997
2097,WA,2000,7,229006.75,51812.75
2098,WA,2000,8,135007.79999999999,155431.39999999999
2099,WA,2000,9,135462.79999999999,81692.600000000006
2100,WA,2010,1,164931.66666666666,136131.33333333334
2101,WA,2010,2,171771.0,104692.33333333333
2102,WA,2010,3,104758.66666666667,165233.0
2103,WA,2010,4,78940.0,154749.0
2104,WA,2010,5,111953.0,173165.0
2105,WA,2010,6,176548.0,112955.33333333333
2106,WA,2010,7,251161.0,62066.5
2107,WA,2010,8,107536.33333333333,166363.33333333334
2108,WA,2010,9,171777.0,67028.0
2109,WA,2010,10,144258.33333333334,105899.33333333333
2110,WV,1970,1,98893.0,57979.800000000003
2111,WV,1970,2,97868.199999999997,60976.800000000003
2112,WV,1970,3,88937.25,62307.75
2113,WV,1970,4,97273.666666666672,43029.0
2114,WV,1980,1,94068.25,58520.0
2115,WV,1980,2,81944.5,53152.75
2116,WV,1980,3,100946.5,50317.5
2117,WV,1980,4,73416.0,41299.199999999997
2118,WV,1990,1,103177.0,43590.0
2119,WV,1990,2,115731.2,62526.199999999997
2120,WV,1990,3,98623.0,53197.0
2121,WV,2000,1,118914.0,75273.0
2122,WV,2000,2,81564.199999999997,122842.0
2123,WV,2000,3,108007.2,57167.0
2124,WV,2010,1,68661.666666666672,129923.0
2125,WV,2010,2,79151.333333333328,123877.33333333333
2126,WV,2010,3,73531.666666666672,103564.0
2127,WI,1970,1,108881.0,66572.800000000003
2128,WI,1970,2,127704.60000000001,78266.600000000006
2129,WI,1970,3,106177.8,94671.0
2130,WI,1970,4,120464.5,46493.25
2131,WI,1970,5,108381.8,30757.0
2132,WI,1970,6,68668.399999999994,123523.2
2133,WI,1970,7,137286.60000000001,68042.399999999994
2134,WI,1970,8,89736.399999999994,109418.2
2135,WI,1970,9,71881.399999999994,138873.39999999999
2136,WI,1980,1,121769.75,60626.0
2137,WI,1980,2,123248.0,90577.0
2138,WI,1980,3,68234.800000000003,123231.2
2139,WI,1980,4,127851.5,60528.5
2140,WI,1980,5,105929.33333333333,54796.0
2141,WI,1980,6,57246.666666666664,149180.66666666666
2142,WI,1980,7,123444.2,72097.600000000006
2143,WI,1980,8,72139.600000000006,128744.60000000001
2144,WI,1980,9,54932.0,168035.33333333334
2145,WI,1990,1,102901.8,118556.8
2146,WI,1990,2,110815.0,145963.39999999999
2147,WI,1990,3,119630.0,99425.800000000003
2148,WI,1990,4,134240.79999999999,88002.399999999994
2149,WI,1990,5,137270.20000000001,50483.199999999997
2150,WI,1990,6,93244.666666666672,164097.66666666666
2151,WI,1990,7,137886.39999999999,90431.199999999997
2152,WI,1990,8,88284.800000000003,149845.39999999999
2153,WI,1990,9,76274.0,210102.0
2154,WI,2000,1,96107.399999999994,189139.20000000001
2155,WI,2000,2,215088.39999999999,116626.2
2156,WI,2000,3,170160.79999999999,111188.39999999999
2157,WI,2000,4,164225.33333333334,67319.0
2158,WI,2000,5,110823.0,231821.33333333334
2159,WI,2000,6,103075.0,214588.66666666666
2160,WI,2000,7,158487.75,110519.0
2161,WI,2000,8,121935.0,169011.20000000001
2162,WI,2010,1,123656.33333333333,204270.33333333334
2163,WI,2010,2,254626.33333333334,117448.66666666667
2164,WI,2010,3,186540.0,120626.5
2165,WI,2010,4,207151.0,74638.5
2166,WI,2010,5,111381.66666666667,247400.33333333334
2167,WI,2010,6,130401.66666666667,199124.66666666666
2168,WI,2010,7,136372.0,198343.0
2169,WI,2010,8,131104.66666666666,205106.33333333334
2170,WY,1970,1,67529.399999999994,77305.800000000003
2171,WY,1980,1,53636.400000000001,113581.0
2172,WY,1990,1,74440.199999999997,115369.39999999999
2173,WY,2000,1,82160.0,119715.39999999999
2174,WY,2010,1,56947.333333333336,145222.0
