,State,year,contestedFrac
0,AL,1972,0.8571428571428571
1,AL,1974,0.42857142857142855
2,AL,1976,0.5714285714285714
3,AL,1978,0.5714285714285714
4,AL,1980,0.42857142857142855
5,AL,1982,0.5714285714285714
6,AL,1984,0.42857142857142855
7,AL,1986,0.8571428571428571
8,AL,1988,0.5714285714285714
9,AL,1990,0.5714285714285714
10,AL,1992,1.0
11,AL,1994,0.8571428571428571
12,AL,1996,1.0
13,AL,1998,0.7142857142857143
14,AL,2000,0.42857142857142855
15,AL,2002,0.5714285714285714
16,AL,2004,0.8571428571428571
17,AL,2006,0.5714285714285714
18,AL,2008,0.5714285714285714
19,AL,2010,0.5714285714285714
20,AL,2012,0.8571428571428571
21,AL,2014,0.5714285714285714
22,AL,2016,0.5714285714285714
23,AK,1972,1.0
24,AK,1974,1.0
25,AK,1976,1.0
26,AK,1978,1.0
27,AK,1980,1.0
28,AK,1982,1.0
29,AK,1984,1.0
30,AK,1986,1.0
31,AK,1988,1.0
32,AK,1990,1.0
33,AK,1992,1.0
34,AK,1994,1.0
35,AK,1996,1.0
36,AK,1998,1.0
37,AK,2000,1.0
38,AK,2002,1.0
39,AK,2004,1.0
40,AK,2006,1.0
41,AK,2008,1.0
42,AK,2010,1.0
43,AK,2012,1.0
44,AK,2014,1.0
45,AK,2016,1.0
46,AZ,1972,1.0
47,AZ,1974,1.0
48,AZ,1976,1.0
49,AZ,1978,0.75
50,AZ,1980,1.0
51,AZ,1982,1.0
52,AZ,1984,0.6
53,AZ,1986,0.8
54,AZ,1988,0.8
55,AZ,1990,0.8
56,AZ,1992,1.0
57,AZ,1994,1.0
58,AZ,1996,1.0
59,AZ,1998,1.0
60,AZ,2000,1.0
61,AZ,2002,1.0
62,AZ,2004,0.75
63,AZ,2006,0.875
64,AZ,2008,1.0
65,AZ,2010,1.0
66,AZ,2012,0.8888888888888888
67,AZ,2014,0.7777777777777778
68,AZ,2016,0.7777777777777778
69,AR,1972,0.25
70,AR,1974,0.75
71,AR,1976,0.5
72,AR,1978,0.5
73,AR,1980,0.25
74,AR,1982,1.0
75,AR,1984,0.25
76,AR,1986,1.0
77,AR,1988,0.75
78,AR,1990,1.0
79,AR,1992,1.0
80,AR,1994,1.0
81,AR,1996,1.0
82,AR,1998,0.5
83,AR,2000,0.75
84,AR,2002,0.5
85,AR,2004,0.75
86,AR,2006,1.0
87,AR,2008,0.0
88,AR,2010,1.0
89,AR,2012,0.75
90,AR,2014,0.75
91,AR,2016,0.25
92,CA,1972,0.9767441860465116
93,CA,1974,0.8837209302325582
94,CA,1976,0.9767441860465116
95,CA,1978,0.9534883720930233
96,CA,1980,1.0
97,CA,1982,0.9555555555555556
98,CA,1984,0.9333333333333333
99,CA,1986,0.9777777777777777
100,CA,1988,0.9333333333333333
101,CA,1990,0.9333333333333333
102,CA,1992,0.9423076923076923
103,CA,1994,0.9615384615384616
104,CA,1996,1.0
105,CA,1998,0.8269230769230769
106,CA,2000,0.9230769230769231
107,CA,2002,0.9622641509433962
108,CA,2004,0.9056603773584906
109,CA,2006,0.8490566037735849
110,CA,2008,0.8301886792452831
111,CA,2010,0.9622641509433962
112,CA,2012,0.7735849056603774
113,CA,2014,0.7924528301886793
114,CA,2016,0.8301886792452831
115,CO,1972,1.0
116,CO,1974,1.0
117,CO,1976,1.0
118,CO,1978,1.0
119,CO,1980,1.0
120,CO,1982,1.0
121,CO,1984,0.8333333333333334
122,CO,1986,1.0
123,CO,1988,1.0
124,CO,1990,1.0
125,CO,1992,1.0
126,CO,1994,0.8333333333333334
127,CO,1996,1.0
128,CO,1998,1.0
129,CO,2000,0.6666666666666666
130,CO,2002,1.0
131,CO,2004,1.0
132,CO,2006,0.8571428571428571
133,CO,2008,1.0
134,CO,2010,1.0
135,CO,2012,0.8571428571428571
136,CO,2014,1.0
137,CO,2016,1.0
138,CT,1972,1.0
139,CT,1974,1.0
140,CT,1976,1.0
141,CT,1978,1.0
142,CT,1980,1.0
143,CT,1982,1.0
144,CT,1984,1.0
145,CT,1986,1.0
146,CT,1988,1.0
147,CT,1990,1.0
148,CT,1992,1.0
149,CT,1994,1.0
150,CT,1996,1.0
151,CT,1998,1.0
152,CT,2000,1.0
153,CT,2002,1.0
154,CT,2004,1.0
155,CT,2006,1.0
156,CT,2008,1.0
157,CT,2010,1.0
158,CT,2012,1.0
159,CT,2014,1.0
160,CT,2016,1.0
161,DE,1972,1.0
162,DE,1974,1.0
163,DE,1976,1.0
164,DE,1978,1.0
165,DE,1980,1.0
166,DE,1982,1.0
167,DE,1984,1.0
168,DE,1986,1.0
169,DE,1988,1.0
170,DE,1990,1.0
171,DE,1992,1.0
172,DE,1994,1.0
173,DE,1996,1.0
174,DE,1998,1.0
175,DE,2000,1.0
176,DE,2002,1.0
177,DE,2004,1.0
178,DE,2006,1.0
179,DE,2008,1.0
180,DE,2010,1.0
181,DE,2012,1.0
182,DE,2014,1.0
183,DE,2016,1.0
184,FL,1972,0.8
185,FL,1974,0.6
186,FL,1976,0.6666666666666666
187,FL,1978,0.6666666666666666
188,FL,1980,0.9333333333333333
189,FL,1982,0.8421052631578947
190,FL,1984,0.5789473684210527
191,FL,1986,0.5263157894736842
192,FL,1988,0.5789473684210527
193,FL,1990,0.6842105263157895
194,FL,1992,0.8695652173913043
195,FL,1994,0.5652173913043478
196,FL,1996,0.8695652173913043
197,FL,1998,0.21739130434782608
198,FL,2000,0.5652173913043478
199,FL,2002,0.64
200,FL,2004,0.56
201,FL,2006,0.72
202,FL,2008,0.88
203,FL,2010,0.8
204,FL,2012,0.7777777777777778
205,FL,2014,0.7407407407407407
206,FL,2016,0.9629629629629629
207,GA,1972,0.4
208,GA,1974,0.8
209,GA,1976,0.7
210,GA,1978,0.5
211,GA,1980,0.8
212,GA,1982,0.7
213,GA,1984,0.6
214,GA,1986,0.6
215,GA,1988,0.8
216,GA,1990,1.0
217,GA,1992,1.0
218,GA,1994,1.0
219,GA,1996,0.9090909090909091
220,GA,1998,0.7272727272727273
221,GA,2000,0.9090909090909091
222,GA,2002,0.7692307692307693
223,GA,2004,0.5384615384615384
224,GA,2006,0.9230769230769231
225,GA,2008,0.8461538461538461
226,GA,2010,0.7692307692307693
227,GA,2012,0.7857142857142857
228,GA,2014,0.5
229,GA,2016,0.6428571428571429
230,HI,1972,1.0
231,HI,1974,1.0
232,HI,1976,1.0
233,HI,1978,1.0
234,HI,1980,0.5
235,HI,1982,0.0
236,HI,1984,1.0
237,HI,1986,1.0
238,HI,1988,0.5
239,HI,1990,1.0
240,HI,1992,1.0
241,HI,1994,1.0
242,HI,1996,1.0
243,HI,1998,1.0
244,HI,2000,1.0
245,HI,2002,1.0
246,HI,2004,1.0
247,HI,2006,1.0
248,HI,2008,1.0
249,HI,2010,1.0
250,HI,2012,1.0
251,HI,2014,1.0
252,HI,2016,1.0
253,ID,1972,1.0
254,ID,1974,1.0
255,ID,1976,1.0
256,ID,1978,1.0
257,ID,1980,1.0
258,ID,1982,1.0
259,ID,1984,1.0
260,ID,1986,1.0
261,ID,1988,1.0
262,ID,1990,1.0
263,ID,1992,1.0
264,ID,1994,1.0
265,ID,1996,1.0
266,ID,1998,1.0
267,ID,2000,1.0
268,ID,2002,1.0
269,ID,2004,1.0
270,ID,2006,1.0
271,ID,2008,1.0
272,ID,2010,1.0
273,ID,2012,1.0
274,ID,2014,1.0
275,ID,2016,1.0
276,IL,1972,0.9166666666666666
277,IL,1974,0.9583333333333334
278,IL,1976,1.0
279,IL,1978,0.9583333333333334
280,IL,1980,1.0
281,IL,1982,1.0
282,IL,1984,0.9545454545454546
283,IL,1986,0.9545454545454546
284,IL,1988,0.9545454545454546
285,IL,1990,0.7727272727272727
286,IL,1992,1.0
287,IL,1994,0.95
288,IL,1996,0.9
289,IL,1998,0.8
290,IL,2000,0.85
291,IL,2002,0.8947368421052632
292,IL,2004,0.9473684210526315
293,IL,2006,0.9473684210526315
294,IL,2008,0.9473684210526315
295,IL,2010,1.0
296,IL,2012,1.0
297,IL,2014,1.0
298,IL,2016,0.7777777777777778
299,IN,1972,1.0
300,IN,1974,1.0
301,IN,1976,0.9090909090909091
302,IN,1978,1.0
303,IN,1980,1.0
304,IN,1982,1.0
305,IN,1984,1.0
306,IN,1986,1.0
307,IN,1988,1.0
308,IN,1990,1.0
309,IN,1992,1.0
310,IN,1994,1.0
311,IN,1996,1.0
312,IN,1998,1.0
313,IN,2000,1.0
314,IN,2002,1.0
315,IN,2004,1.0
316,IN,2006,1.0
317,IN,2008,1.0
318,IN,2010,1.0
319,IN,2012,1.0
320,IN,2014,1.0
321,IN,2016,0.8888888888888888
322,IA,1972,1.0
323,IA,1974,1.0
324,IA,1976,1.0
325,IA,1978,1.0
326,IA,1980,1.0
327,IA,1982,1.0
328,IA,1984,1.0
329,IA,1986,1.0
330,IA,1988,1.0
331,IA,1990,0.5
332,IA,1992,0.8
333,IA,1994,1.0
334,IA,1996,1.0
335,IA,1998,0.8
336,IA,2000,1.0
337,IA,2002,1.0
338,IA,2004,1.0
339,IA,2006,1.0
340,IA,2008,1.0
341,IA,2010,1.0
342,IA,2012,1.0
343,IA,2014,1.0
344,IA,2016,1.0
345,KS,1972,1.0
346,KS,1974,1.0
347,KS,1976,1.0
348,KS,1978,0.6
349,KS,1980,1.0
350,KS,1982,1.0
351,KS,1984,1.0
352,KS,1986,0.8
353,KS,1988,0.8
354,KS,1990,1.0
355,KS,1992,1.0
356,KS,1994,1.0
357,KS,1996,1.0
358,KS,1998,1.0
359,KS,2000,0.75
360,KS,2002,0.75
361,KS,2004,0.75
362,KS,2006,1.0
363,KS,2008,1.0
364,KS,2010,1.0
365,KS,2012,0.5
366,KS,2014,1.0
367,KS,2016,0.75
368,KY,1972,1.0
369,KY,1974,1.0
370,KY,1976,0.8571428571428571
371,KY,1978,0.7142857142857143
372,KY,1980,0.7142857142857143
373,KY,1982,0.8571428571428571
374,KY,1984,0.8571428571428571
375,KY,1986,0.5714285714285714
376,KY,1988,0.7142857142857143
377,KY,1990,0.5714285714285714
378,KY,1992,1.0
379,KY,1994,1.0
380,KY,1996,0.8333333333333334
381,KY,1998,1.0
382,KY,2000,1.0
383,KY,2002,0.8333333333333334
384,KY,2004,0.8333333333333334
385,KY,2006,0.8333333333333334
386,KY,2008,0.8333333333333334
387,KY,2010,1.0
388,KY,2012,1.0
389,KY,2014,1.0
390,KY,2016,0.6666666666666666
391,LA,1972,0.25
392,LA,1974,0.375
393,LA,1976,0.625
394,LA,1978,0.625
395,LA,1980,0.5
396,LA,1982,0.125
397,LA,1984,0.25
398,LA,1986,0.375
399,LA,1988,0.625
400,LA,1990,0.5
401,LA,1992,0.14285714285714285
402,LA,1994,0.8571428571428571
403,LA,1996,0.42857142857142855
404,LA,1998,0.14285714285714285
405,LA,2000,0.5714285714285714
406,LA,2002,0.42857142857142855
407,LA,2004,0.8571428571428571
408,LA,2006,0.7142857142857143
409,LA,2008,0.7142857142857143
410,LA,2010,0.7142857142857143
411,LA,2012,0.3333333333333333
412,LA,2014,0.5
413,LA,2016,0.6666666666666666
414,ME,1972,1.0
415,ME,1974,1.0
416,ME,1976,1.0
417,ME,1978,1.0
418,ME,1980,1.0
419,ME,1982,1.0
420,ME,1984,1.0
421,ME,1986,1.0
422,ME,1988,1.0
423,ME,1990,1.0
424,ME,1992,1.0
425,ME,1994,1.0
426,ME,1996,1.0
427,ME,1998,1.0
428,ME,2000,1.0
429,ME,2002,1.0
430,ME,2004,1.0
431,ME,2006,1.0
432,ME,2008,1.0
433,ME,2010,1.0
434,ME,2012,1.0
435,ME,2014,1.0
436,ME,2016,1.0
437,MD,1972,1.0
438,MD,1974,0.875
439,MD,1976,0.875
440,MD,1978,0.75
441,MD,1980,1.0
442,MD,1982,1.0
443,MD,1984,0.875
444,MD,1986,1.0
445,MD,1988,0.875
446,MD,1990,1.0
447,MD,1992,0.875
448,MD,1994,1.0
449,MD,1996,1.0
450,MD,1998,1.0
451,MD,2000,1.0
452,MD,2002,1.0
453,MD,2004,1.0
454,MD,2006,0.75
455,MD,2008,1.0
456,MD,2010,1.0
457,MD,2012,1.0
458,MD,2014,1.0
459,MD,2016,1.0
460,MA,1972,0.5
461,MA,1974,0.5
462,MA,1976,0.6666666666666666
463,MA,1978,0.5
464,MA,1980,0.75
465,MA,1982,0.6363636363636364
466,MA,1984,0.7272727272727273
467,MA,1986,0.36363636363636365
468,MA,1988,0.5454545454545454
469,MA,1990,0.5454545454545454
470,MA,1992,0.9
471,MA,1994,0.7
472,MA,1996,0.9
473,MA,1998,0.7
474,MA,2000,0.5
475,MA,2002,0.4
476,MA,2004,0.5
477,MA,2006,0.3
478,MA,2008,0.4
479,MA,2010,0.9
480,MA,2012,0.6666666666666666
481,MA,2014,0.3333333333333333
482,MA,2016,0.4444444444444444
483,MI,1972,1.0
484,MI,1974,1.0
485,MI,1976,1.0
486,MI,1978,0.9473684210526315
487,MI,1980,0.8947368421052632
488,MI,1982,0.8333333333333334
489,MI,1984,0.8888888888888888
490,MI,1986,1.0
491,MI,1988,0.9444444444444444
492,MI,1990,0.9444444444444444
493,MI,1992,0.9375
494,MI,1994,1.0
495,MI,1996,1.0
496,MI,1998,0.9375
497,MI,2000,1.0
498,MI,2002,0.8666666666666667
499,MI,2004,1.0
500,MI,2006,0.8666666666666667
501,MI,2008,0.9333333333333333
502,MI,2010,1.0
503,MI,2012,1.0
504,MI,2014,1.0
505,MI,2016,1.0
506,MN,1972,1.0
507,MN,1974,1.0
508,MN,1976,0.875
509,MN,1978,0.875
510,MN,1980,1.0
511,MN,1982,1.0
512,MN,1984,1.0
513,MN,1986,1.0
514,MN,1988,1.0
515,MN,1990,1.0
516,MN,1992,1.0
517,MN,1994,1.0
518,MN,1996,1.0
519,MN,1998,1.0
520,MN,2000,1.0
521,MN,2002,1.0
522,MN,2004,1.0
523,MN,2006,1.0
524,MN,2008,1.0
525,MN,2010,1.0
526,MN,2012,1.0
527,MN,2014,1.0
528,MN,2016,1.0
529,MS,1972,0.6
530,MS,1974,0.6
531,MS,1976,0.8
532,MS,1978,0.8
533,MS,1980,0.8
534,MS,1982,0.8
535,MS,1984,0.6
536,MS,1986,0.8
537,MS,1988,1.0
538,MS,1990,0.8
539,MS,1992,1.0
540,MS,1994,1.0
541,MS,1996,1.0
542,MS,1998,0.6
543,MS,2000,1.0
544,MS,2002,1.0
545,MS,2004,0.5
546,MS,2006,0.75
547,MS,2008,1.0
548,MS,2010,1.0
549,MS,2012,0.75
550,MS,2014,0.75
551,MS,2016,1.0
552,MO,1972,1.0
553,MO,1974,1.0
554,MO,1976,1.0
555,MO,1978,1.0
556,MO,1980,1.0
557,MO,1982,1.0
558,MO,1984,0.8888888888888888
559,MO,1986,0.8888888888888888
560,MO,1988,1.0
561,MO,1990,1.0
562,MO,1992,1.0
563,MO,1994,1.0
564,MO,1996,1.0
565,MO,1998,1.0
566,MO,2000,1.0
567,MO,2002,1.0
568,MO,2004,1.0
569,MO,2006,1.0
570,MO,2008,0.8888888888888888
571,MO,2010,0.8888888888888888
572,MO,2012,1.0
573,MO,2014,1.0
574,MO,2016,1.0
575,MT,1972,1.0
576,MT,1974,1.0
577,MT,1976,1.0
578,MT,1978,1.0
579,MT,1980,1.0
580,MT,1982,1.0
581,MT,1984,1.0
582,MT,1986,1.0
583,MT,1988,1.0
584,MT,1990,1.0
585,MT,1992,1.0
586,MT,1994,1.0
587,MT,1996,1.0
588,MT,1998,1.0
589,MT,2000,1.0
590,MT,2002,1.0
591,MT,2004,1.0
592,MT,2006,1.0
593,MT,2008,1.0
594,MT,2010,1.0
595,MT,2012,1.0
596,MT,2014,1.0
597,MT,2016,1.0
598,NE,1972,1.0
599,NE,1974,1.0
600,NE,1976,1.0
601,NE,1978,1.0
602,NE,1980,1.0
603,NE,1982,0.6666666666666666
604,NE,1984,1.0
605,NE,1986,1.0
606,NE,1988,1.0
607,NE,1990,1.0
608,NE,1992,1.0
609,NE,1994,1.0
610,NE,1996,1.0
611,NE,1998,0.6666666666666666
612,NE,2000,1.0
613,NE,2002,0.3333333333333333
614,NE,2004,1.0
615,NE,2006,1.0
616,NE,2008,1.0
617,NE,2010,1.0
618,NE,2012,1.0
619,NE,2014,1.0
620,NE,2016,0.6666666666666666
621,NV,1972,1.0
622,NV,1974,1.0
623,NV,1976,1.0
624,NV,1978,1.0
625,NV,1980,1.0
626,NV,1982,1.0
627,NV,1984,1.0
628,NV,1986,1.0
629,NV,1988,1.0
630,NV,1990,1.0
631,NV,1992,1.0
632,NV,1994,1.0
633,NV,1996,1.0
634,NV,1998,0.5
635,NV,2000,1.0
636,NV,2002,1.0
637,NV,2004,1.0
638,NV,2006,1.0
639,NV,2008,1.0
640,NV,2010,1.0
641,NV,2012,1.0
642,NV,2014,1.0
643,NV,2016,1.0
644,NH,1972,1.0
645,NH,1974,1.0
646,NH,1976,1.0
647,NH,1978,1.0
648,NH,1980,1.0
649,NH,1982,1.0
650,NH,1984,1.0
651,NH,1986,1.0
652,NH,1988,1.0
653,NH,1990,1.0
654,NH,1992,1.0
655,NH,1994,1.0
656,NH,1996,1.0
657,NH,1998,1.0
658,NH,2000,1.0
659,NH,2002,1.0
660,NH,2004,1.0
661,NH,2006,1.0
662,NH,2008,1.0
663,NH,2010,1.0
664,NH,2012,1.0
665,NH,2014,1.0
666,NH,2016,1.0
667,NJ,1972,1.0
668,NJ,1974,1.0
669,NJ,1976,1.0
670,NJ,1978,1.0
671,NJ,1980,1.0
672,NJ,1982,1.0
673,NJ,1984,1.0
674,NJ,1986,0.9285714285714286
675,NJ,1988,0.9285714285714286
676,NJ,1990,0.8571428571428571
677,NJ,1992,1.0
678,NJ,1994,1.0
679,NJ,1996,1.0
680,NJ,1998,1.0
681,NJ,2000,1.0
682,NJ,2002,0.9230769230769231
683,NJ,2004,0.9230769230769231
684,NJ,2006,0.8461538461538461
685,NJ,2008,0.9230769230769231
686,NJ,2010,1.0
687,NJ,2012,1.0
688,NJ,2014,1.0
689,NJ,2016,1.0
690,NM,1972,1.0
691,NM,1974,1.0
692,NM,1976,1.0
693,NM,1978,0.5
694,NM,1980,1.0
695,NM,1982,1.0
696,NM,1984,1.0
697,NM,1986,1.0
698,NM,1988,0.6666666666666666
699,NM,1990,0.6666666666666666
700,NM,1992,1.0
701,NM,1994,1.0
702,NM,1996,1.0
703,NM,1998,1.0
704,NM,2000,1.0
705,NM,2002,0.6666666666666666
706,NM,2004,1.0
707,NM,2006,1.0
708,NM,2008,1.0
709,NM,2010,1.0
710,NM,2012,1.0
711,NM,2014,1.0
712,NM,2016,1.0
713,NY,1972,0.9230769230769231
714,NY,1974,0.8717948717948718
715,NY,1976,0.8717948717948718
716,NY,1978,0.8205128205128205
717,NY,1980,0.8974358974358975
718,NY,1982,0.8235294117647058
719,NY,1984,0.9411764705882353
720,NY,1986,0.7941176470588235
721,NY,1988,0.7352941176470589
722,NY,1990,0.8235294117647058
723,NY,1992,0.8709677419354839
724,NY,1994,0.8387096774193549
725,NY,1996,1.0
726,NY,1998,0.9032258064516129
727,NY,2000,0.967741935483871
728,NY,2002,0.7586206896551724
729,NY,2004,0.896551724137931
730,NY,2006,0.8620689655172413
731,NY,2008,0.9310344827586207
732,NY,2010,0.9655172413793104
733,NY,2012,0.9629629629629629
734,NY,2014,0.6296296296296297
735,NY,2016,0.8518518518518519
736,NC,1972,0.8181818181818182
737,NC,1974,0.7272727272727273
738,NC,1976,0.8181818181818182
739,NC,1978,0.8181818181818182
740,NC,1980,0.9090909090909091
741,NC,1982,0.9090909090909091
742,NC,1984,1.0
743,NC,1986,1.0
744,NC,1988,0.8181818181818182
745,NC,1990,1.0
746,NC,1992,1.0
747,NC,1994,0.9166666666666666
748,NC,1996,1.0
749,NC,1998,0.75
750,NC,2000,0.8333333333333334
751,NC,2002,0.8461538461538461
752,NC,2004,1.0
753,NC,2006,0.9230769230769231
754,NC,2008,1.0
755,NC,2010,1.0
756,NC,2012,1.0
757,NC,2014,0.9230769230769231
758,NC,2016,1.0
759,ND,1972,1.0
760,ND,1974,1.0
761,ND,1976,1.0
762,ND,1978,1.0
763,ND,1980,1.0
764,ND,1982,1.0
765,ND,1984,1.0
766,ND,1986,1.0
767,ND,1988,1.0
768,ND,1990,1.0
769,ND,1992,1.0
770,ND,1994,1.0
771,ND,1996,1.0
772,ND,1998,1.0
773,ND,2000,1.0
774,ND,2002,1.0
775,ND,2004,1.0
776,ND,2006,1.0
777,ND,2008,1.0
778,ND,2010,1.0
779,ND,2012,1.0
780,ND,2014,1.0
781,ND,2016,1.0
782,OH,1972,0.9130434782608695
783,OH,1974,0.9565217391304348
784,OH,1976,0.9565217391304348
785,OH,1978,0.9130434782608695
786,OH,1980,0.9130434782608695
787,OH,1982,0.9047619047619048
788,OH,1984,0.9047619047619048
789,OH,1986,0.9047619047619048
790,OH,1988,0.9523809523809523
791,OH,1990,0.9523809523809523
792,OH,1992,0.9473684210526315
793,OH,1994,0.8421052631578947
794,OH,1996,0.9473684210526315
795,OH,1998,1.0
796,OH,2000,0.9473684210526315
797,OH,2002,0.9444444444444444
798,OH,2004,0.8888888888888888
799,OH,2006,1.0
800,OH,2008,1.0
801,OH,2010,1.0
802,OH,2012,0.875
803,OH,2014,0.9375
804,OH,2016,1.0
805,OK,1972,0.8333333333333334
806,OK,1974,0.6666666666666666
807,OK,1976,1.0
808,OK,1978,0.8333333333333334
809,OK,1980,0.8333333333333334
810,OK,1982,1.0
811,OK,1984,1.0
812,OK,1986,0.8333333333333334
813,OK,1988,0.6666666666666666
814,OK,1990,1.0
815,OK,1992,1.0
816,OK,1994,0.8333333333333334
817,OK,1996,1.0
818,OK,1998,1.0
819,OK,2000,0.8333333333333334
820,OK,2002,0.8
821,OK,2004,0.6
822,OK,2006,1.0
823,OK,2008,1.0
824,OK,2010,0.6
825,OK,2012,1.0
826,OK,2014,0.8
827,OK,2016,0.8
828,OR,1972,0.75
829,OR,1974,1.0
830,OR,1976,0.75
831,OR,1978,0.75
832,OR,1980,1.0
833,OR,1982,1.0
834,OR,1984,1.0
835,OR,1986,1.0
836,OR,1988,0.8
837,OR,1990,0.8
838,OR,1992,1.0
839,OR,1994,1.0
840,OR,1996,1.0
841,OR,1998,0.8
842,OR,2000,1.0
843,OR,2002,1.0
844,OR,2004,1.0
845,OR,2006,1.0
846,OR,2008,0.6
847,OR,2010,1.0
848,OR,2012,1.0
849,OR,2014,1.0
850,OR,2016,0.8
851,PA,1972,1.0
852,PA,1974,0.96
853,PA,1976,0.96
854,PA,1978,1.0
855,PA,1980,0.92
856,PA,1982,0.9565217391304348
857,PA,1984,0.9565217391304348
858,PA,1986,0.782608695652174
859,PA,1988,0.782608695652174
860,PA,1990,0.7391304347826086
861,PA,1992,0.8095238095238095
862,PA,1994,0.8095238095238095
863,PA,1996,1.0
864,PA,1998,0.8095238095238095
865,PA,2000,0.8095238095238095
866,PA,2002,0.6842105263157895
867,PA,2004,0.6842105263157895
868,PA,2006,0.8947368421052632
869,PA,2008,0.9473684210526315
870,PA,2010,0.9473684210526315
871,PA,2012,1.0
872,PA,2014,0.8333333333333334
873,PA,2016,0.8333333333333334
874,RI,1972,1.0
875,RI,1974,1.0
876,RI,1976,1.0
877,RI,1978,1.0
878,RI,1980,1.0
879,RI,1982,1.0
880,RI,1984,1.0
881,RI,1986,1.0
882,RI,1988,1.0
883,RI,1990,1.0
884,RI,1992,1.0
885,RI,1994,1.0
886,RI,1996,1.0
887,RI,1998,1.0
888,RI,2000,1.0
889,RI,2002,1.0
890,RI,2004,1.0
891,RI,2006,0.5
892,RI,2008,1.0
893,RI,2010,1.0
894,RI,2012,1.0
895,RI,2014,1.0
896,RI,2016,1.0
897,SC,1972,0.8333333333333334
898,SC,1974,1.0
899,SC,1976,0.8333333333333334
900,SC,1978,0.6666666666666666
901,SC,1980,0.6666666666666666
902,SC,1982,0.8333333333333334
903,SC,1984,0.8333333333333334
904,SC,1986,0.8333333333333334
905,SC,1988,1.0
906,SC,1990,0.5
907,SC,1992,0.8333333333333334
908,SC,1994,0.8333333333333334
909,SC,1996,0.6666666666666666
910,SC,1998,0.6666666666666666
911,SC,2000,0.8333333333333334
912,SC,2002,0.5
913,SC,2004,0.6666666666666666
914,SC,2006,1.0
915,SC,2008,1.0
916,SC,2010,1.0
917,SC,2012,0.7142857142857143
918,SC,2014,0.7142857142857143
919,SC,2016,1.0
920,SD,1972,1.0
921,SD,1974,1.0
922,SD,1976,1.0
923,SD,1978,1.0
924,SD,1980,1.0
925,SD,1982,1.0
926,SD,1984,1.0
927,SD,1986,1.0
928,SD,1988,1.0
929,SD,1990,1.0
930,SD,1992,1.0
931,SD,1994,1.0
932,SD,1996,1.0
933,SD,1998,1.0
934,SD,2000,1.0
935,SD,2002,1.0
936,SD,2004,1.0
937,SD,2006,1.0
938,SD,2008,1.0
939,SD,2010,1.0
940,SD,2012,1.0
941,SD,2014,1.0
942,SD,2016,1.0
943,TN,1972,0.875
944,TN,1974,0.625
945,TN,1976,0.625
946,TN,1978,0.75
947,TN,1980,0.625
948,TN,1982,0.7777777777777778
949,TN,1984,0.5555555555555556
950,TN,1986,0.7777777777777778
951,TN,1988,0.6666666666666666
952,TN,1990,0.5555555555555556
953,TN,1992,0.8888888888888888
954,TN,1994,0.8888888888888888
955,TN,1996,1.0
956,TN,1998,0.5555555555555556
957,TN,2000,0.6666666666666666
958,TN,2002,0.7777777777777778
959,TN,2004,0.8888888888888888
960,TN,2006,1.0
961,TN,2008,0.6666666666666666
962,TN,2010,1.0
963,TN,2012,0.8888888888888888
964,TN,2014,0.8888888888888888
965,TN,2016,1.0
966,TX,1972,0.5416666666666666
967,TX,1974,0.6666666666666666
968,TX,1976,0.75
969,TX,1978,0.8333333333333334
970,TX,1980,0.75
971,TX,1982,0.6666666666666666
972,TX,1984,0.6666666666666666
973,TX,1986,0.6296296296296297
974,TX,1988,0.5185185185185185
975,TX,1990,0.5185185185185185
976,TX,1992,0.8333333333333334
977,TX,1994,0.8333333333333334
978,TX,1996,0.8
979,TX,1998,0.6333333333333333
980,TX,2000,0.7
981,TX,2002,0.71875
982,TX,2004,0.78125
983,TX,2006,0.84375
984,TX,2008,0.75
985,TX,2010,0.8125
986,TX,2012,0.8611111111111112
987,TX,2014,0.6388888888888888
988,TX,2016,0.7222222222222222
989,UT,1972,1.0
990,UT,1974,1.0
991,UT,1976,1.0
992,UT,1978,1.0
993,UT,1980,1.0
994,UT,1982,0.6666666666666666
995,UT,1984,1.0
996,UT,1986,1.0
997,UT,1988,1.0
998,UT,1990,1.0
999,UT,1992,1.0
1000,UT,1994,1.0
1001,UT,1996,1.0
1002,UT,1998,0.6666666666666666
1003,UT,2000,1.0
1004,UT,2002,1.0
1005,UT,2004,1.0
1006,UT,2006,1.0
1007,UT,2008,1.0
1008,UT,2010,1.0
1009,UT,2012,1.0
1010,UT,2014,1.0
1011,UT,2016,1.0
1012,VT,1972,1.0
1013,VT,1974,1.0
1014,VT,1976,1.0
1015,VT,1978,1.0
1016,VT,1980,0.0
1017,VT,1982,1.0
1018,VT,1984,1.0
1019,VT,1986,0.0
1020,VT,1988,1.0
1021,VT,1990,1.0
1022,VT,1992,1.0
1023,VT,1994,1.0
1024,VT,1996,1.0
1025,VT,1998,1.0
1026,VT,2000,1.0
1027,VT,2002,1.0
1028,VT,2004,1.0
1029,VT,2006,1.0
1030,VT,2008,0.0
1031,VT,2010,1.0
1032,VT,2012,1.0
1033,VT,2014,1.0
1034,VT,2016,0.0
1035,VA,1972,0.8
1036,VA,1974,0.7
1037,VA,1976,0.6
1038,VA,1978,0.5
1039,VA,1980,0.5
1040,VA,1982,0.8
1041,VA,1984,0.6
1042,VA,1986,0.6
1043,VA,1988,0.7
1044,VA,1990,0.5
1045,VA,1992,0.9090909090909091
1046,VA,1994,0.7272727272727273
1047,VA,1996,0.9090909090909091
1048,VA,1998,0.36363636363636365
1049,VA,2000,0.6363636363636364
1050,VA,2002,0.45454545454545453
1051,VA,2004,0.7272727272727273
1052,VA,2006,0.7272727272727273
1053,VA,2008,0.8181818181818182
1054,VA,2010,0.9090909090909091
1055,VA,2012,1.0
1056,VA,2014,0.7272727272727273
1057,VA,2016,0.9090909090909091
1058,WA,1972,1.0
1059,WA,1974,1.0
1060,WA,1976,1.0
1061,WA,1978,1.0
1062,WA,1980,1.0
1063,WA,1982,1.0
1064,WA,1984,1.0
1065,WA,1986,1.0
1066,WA,1988,0.875
1067,WA,1990,1.0
1068,WA,1992,1.0
1069,WA,1994,1.0
1070,WA,1996,1.0
1071,WA,1998,0.8888888888888888
1072,WA,2000,0.8888888888888888
1073,WA,2002,1.0
1074,WA,2004,1.0
1075,WA,2006,1.0
1076,WA,2008,1.0
1077,WA,2010,0.8888888888888888
1078,WA,2012,1.0
1079,WA,2014,0.9
1080,WA,2016,0.8
1081,WV,1972,1.0
1082,WV,1974,0.75
1083,WV,1976,0.75
1084,WV,1978,0.75
1085,WV,1980,1.0
1086,WV,1982,1.0
1087,WV,1984,1.0
1088,WV,1986,0.75
1089,WV,1988,0.75
1090,WV,1990,0.75
1091,WV,1992,0.6666666666666666
1092,WV,1994,1.0
1093,WV,1996,0.3333333333333333
1094,WV,1998,0.3333333333333333
1095,WV,2000,0.3333333333333333
1096,WV,2002,0.6666666666666666
1097,WV,2004,1.0
1098,WV,2006,1.0
1099,WV,2008,0.6666666666666666
1100,WV,2010,1.0
1101,WV,2012,1.0
1102,WV,2014,1.0
1103,WV,2016,1.0
1104,WI,1972,1.0
1105,WI,1974,1.0
1106,WI,1976,0.8888888888888888
1107,WI,1978,1.0
1108,WI,1980,1.0
1109,WI,1982,0.7777777777777778
1110,WI,1984,0.8888888888888888
1111,WI,1986,0.6666666666666666
1112,WI,1988,0.8888888888888888
1113,WI,1990,0.6666666666666666
1114,WI,1992,1.0
1115,WI,1994,0.7777777777777778
1116,WI,1996,1.0
1117,WI,1998,0.7777777777777778
1118,WI,2000,1.0
1119,WI,2002,0.625
1120,WI,2004,0.875
1121,WI,2006,0.875
1122,WI,2008,0.75
1123,WI,2010,1.0
1124,WI,2012,1.0
1125,WI,2014,1.0
1126,WI,2016,0.75
1127,WY,1972,1.0
1128,WY,1974,1.0
1129,WY,1976,1.0
1130,WY,1978,1.0
1131,WY,1980,1.0
1132,WY,1982,1.0
1133,WY,1984,1.0
1134,WY,1986,1.0
1135,WY,1988,1.0
1136,WY,1990,1.0
1137,WY,1992,1.0
1138,WY,1994,1.0
1139,WY,1996,1.0
1140,WY,1998,1.0
1141,WY,2000,1.0
1142,WY,2002,1.0
1143,WY,2004,1.0
1144,WY,2006,1.0
1145,WY,2008,1.0
1146,WY,2010,1.0
1147,WY,2012,1.0
1148,WY,2014,1.0
1149,WY,2016,1.0
