,State,cycle,meanPopVote,expAsym,expGA,expMM,expEG,covAsym,covGA,covMM,covEG,prOp_SA-GA,prOp_SA-MM,prOp_SA-EG,prOp_GA-MM,prOp_GA-EG,prOp_MM-EG,corr_SA-GA,corr_SA-MM,corr_SA-EG,corr_GA-MM,corr_GA-EG,corr_MM-EG,ndist
0,AL,1970,0.6109067181145432,-0.055871428571428572,-0.070185714285714282,-0.12940137245160049,0.13197076684719905,0.047380739688710483,0.013267400986007193,0.037883906266893211,0.057103871059982561,0.0404,0.0404,0.7217,0.0,0.9645,0.9645,0.16080156919660862,0.56501751269542932,0.5649963306788317,0.44186471203577071,0.021637333823100513,0.011085209257021715,7.0
1,AZ,1970,0.4786053581850821,0.020587500000000002,0.034825000000000002,0.0054326644224706403,0.03264302038387884,0.1452427343757301,0.16498845866953668,0.047859442816211864,0.15902626623565913,0.0042,0.0095,0.0161,0.0,0.0241,0.2001,0.80281217565037621,0.83476574477119181,0.85013725367774495,0.78029875339002219,0.70898342829487337,0.73135728426947422,4.0
2,AR,1970,0.539539899687215,-0.0010124999999999999,0.001225,-0.002524445811041155,0.011726193248215278,0.14281570983770533,0.17869790896724821,0.085230566171706115,0.16309308952403878,0.0042,0.0087,0.0218,0.0,0.0567,0.2055,0.76310344431273724,0.81841655468726782,0.87168910331401583,0.757322632166753,0.66705612189547414,0.70937655147624989,4.0
3,CA,1970,0.5265514770273891,-0.069874418604651156,-0.077006976744186051,-0.040240806772099666,-0.063296962477622634,0.049399203020509826,0.053581431445377213,0.027858140663509501,0.054470481573701421,0.0373,0.0373,0.0578,0.0,0.0962,0.0962,0.85522418919091914,0.78426312436881895,0.88880217845039222,0.75865590817569795,0.76043979884107249,0.62006685207489998,43.0
4,CO,1970,0.4793930231322384,-0.012939999999999998,-0.01704,-0.0079701741298944754,-0.0057463747218310197,0.12221313352091298,0.13728628173388349,0.057790193251748626,0.1456093614288661,0.0509,0.0509,0.0504,0.0,0.1925,0.1925,0.78881145709623979,0.75984063928321666,0.86355677192508695,0.73448774055599286,0.6751557999163722,0.66661738488185562,5.0
5,CT,1970,0.5375093757715264,-0.023983333333333332,-0.063066666666666674,-0.014579681966188009,-0.064388839533467537,0.11993569740784778,0.13628812494438261,0.03656931482641225,0.13273079220669712,0.0521,0.086,0.105,0.0,0.0723,0.1988,0.66494671738763633,0.73933553766718429,0.74584552060836962,0.78722471525876969,0.59365957332915165,0.61900231589579358,6.0
6,FL,1970,0.5637189109207558,-0.11638333333333332,-0.14970666666666668,-0.064171711721209779,-0.10627237638817967,0.055874946988521579,0.06376247998842513,0.02669043217034919,0.061901677648335228,0.0103,0.0103,0.0294,0.0,0.044,0.044,0.50318426920955617,0.60692419349476567,0.72165339468292877,0.41017416071011026,0.43072273005798323,0.17429326336145068,15.0
7,GA,1970,0.6934917201537197,-0.039739999999999998,-0.077640000000000001,-0.025010973207826293,-0.012762826868064198,0.047111085165113142,0.10651368417481225,0.030357358078960589,0.079072066354028955,0.0982,0.1675,0.1417,0.0,0.2974,0.435,0.14640563771458651,0.17255855975401591,0.72125553835799638,0.76099671795823065,0.11337023355141915,0.10596739489936242,10.0
8,IL,1970,0.5018716599186056,0.050154166666666666,0.055387499999999999,0.046040438105490425,0.052047947537091889,0.038194729926471299,0.041410887550118347,0.030243314069898452,0.056991743892961563,0.0132,0.0215,0.106,0.0,0.1064,0.1634,0.80467356141426716,0.72085492729639533,0.65914765268710329,0.6796738794546956,0.52833236058039901,0.47570584745078992,24.0
9,IN,1970,0.5150773499681556,-0.0094681818181818183,-0.013963636363636362,-0.0045386272645158762,-0.030704002145424698,0.082532748247116539,0.10023644002030656,0.026622685597592566,0.10782538069698241,0.1158,0.1158,0.1244,0.0,0.2609,0.2609,0.74999704834066339,0.72671440930199382,0.7593638481567786,0.77923416565910053,0.57641559074675364,0.54387492262202985,11.0
10,IA,1970,0.5286679879540381,-0.015458333333333333,-0.01755,-0.0043315143515386262,-0.05502704917330966,0.13396071575943869,0.15941763811692455,0.038250804497990044,0.15778608089380441,0.022,0.0403,0.0614,0.0,0.0771,0.2065,0.79336663376107441,0.82434628463697879,0.83887220020958309,0.80244185860478168,0.67030558014621766,0.68326513800087363,6.0
11,KS,1970,0.4075340148253909,0.02937,0.10658000000000001,0.038286751722998238,0.074034641031020254,0.12370098339677554,0.14196731691451803,0.048528365552976432,0.14336327696607476,0.186,0.186,0.1025,0.0,0.3057,0.3057,0.47829552890807853,0.50029316558718717,0.73477366144663958,0.66124489068207137,0.43441691937007726,0.28615464470641111,5.0
12,KY,1970,0.5587860563100105,-0.090257142857142855,-0.12301428571428571,-0.074421899507453565,-0.051626227078708654,0.078364513377156497,0.080450073737030059,0.041040552471465395,0.095602288326916848,0.0495,0.0495,0.1318,0.0,0.2895,0.2895,0.53937990257980339,0.48657598012616599,0.75206710343933991,0.39902365038534443,0.42510423519367602,0.16880220289107403,7.0
13,LA,1970,0.5149963258850622,-0.016456249999999999,-0.0100625,-0.0046791604819190948,-0.012447786059899128,0.074961369261944938,0.096378096409385203,0.036754176585179987,0.091370440586591814,0.0177,0.033,0.0272,0.0,0.0831,0.2445,0.72600074825075067,0.78102472251751687,0.84952397385859979,0.79585479377633483,0.61208234617251145,0.65380641686560592,8.0
14,MD,1970,0.6049544654432731,-0.041724999999999998,-0.045324999999999997,-0.040255722322057652,0.038922194343464979,0.078249076140179952,0.087586594386079519,0.064468808374530701,0.10197313067116211,0.0437,0.0831,0.2391,0.0,0.2479,0.4593,0.51715018733645501,0.69665621884295803,0.71979015796130674,0.78799335227779777,0.3455943761333779,0.38802074690202004,8.0
15,MA,1970,0.6337402184093665,-0.066750000000000004,-0.10196666666666666,-0.057110677930506053,-0.025588967226957939,0.053423757915285024,0.083753277315852637,0.038628391781384816,0.056447055004025116,0.0512,0.0866,0.1742,0.0,0.2267,0.3094,0.24997450476815319,0.41287621014981357,0.60369955903375716,0.66697413229495406,0.22364058446173365,0.1565595740919751,12.0
16,MI,1970,0.5426127970547517,-0.0079000000000000008,0.0055684210526315793,0.0015210822760445498,-0.0014460763270361958,0.053089370559549758,0.061665338283391311,0.033355480626696798,0.063756619821828356,0.1729,0.1729,0.1056,0.0,0.3068,0.3068,0.65509118962798474,0.65670483660995516,0.83099548191508588,0.78206124561804646,0.53178268462682909,0.52854735875573922,19.0
17,MN,1970,0.5319365884678126,-0.034787499999999999,-0.037312499999999998,-0.028896264092330592,-0.014007300664601438,0.067797783870121961,0.083576541849880101,0.044372571384591865,0.082850498895440716,0.0123,0.024,0.078,0.0,0.0987,0.2854,0.70304020832380398,0.78356742891719022,0.77642717531066374,0.77009295014537704,0.5376310825796613,0.56359318528250657,8.0
18,MS,1970,0.5732978312226799,-0.02027,-0.073599999999999999,-0.054775366245192608,0.039805375492831321,0.078528617550402857,0.071830049113136202,0.048505925096005362,0.075663012355768056,0.1495,0.1495,0.2062,0.0,0.638,0.638,0.34912686115439651,0.60145092152676183,0.58988518475876661,0.64526444156732421,0.14404831893551759,0.12162059232420876,5.0
19,MO,1970,0.6014555851245339,-0.039919999999999997,-0.12176000000000001,-0.035048668297864558,-0.10269068440230358,0.088154243897113127,0.12195896768577495,0.032831625147478297,0.089030807395145073,0.1478,0.1967,0.1547,0.0,0.1235,0.1898,0.41686404642686814,0.50743168283533291,0.72352338371513203,0.75250763616697924,0.35360084230502142,0.29207126146146062,10.0
20,NE,1970,0.36176431365347933,0.0071500000000000001,0.052300000000000006,0.01628109258228232,0.066803326467234136,0.12681104510125102,0.22706552967010496,0.05705632981680607,0.166958574894149,0.1208,0.1208,0.0305,0.0,0.3939,0.3939,0.37514686152622834,0.41715216028019969,0.71866739910319188,0.74341291828856693,0.27312366017204426,0.24631746360206819,3.0
21,NJ,1970,0.5416208196671157,-0.049479999999999996,-0.057160000000000002,-0.025770740640351956,-0.05515492721224409,0.065101101491000402,0.080955754754478262,0.034649934172213098,0.073959893362638793,0.1068,0.1068,0.0756,0.0,0.2068,0.2068,0.68768415401046989,0.68241031783238637,0.8172787478150173,0.73586514497709266,0.58103079084567044,0.49393328140961384,15.0
22,NY,1970,0.5583664556633787,-0.04476538461538461,-0.039187179487179487,-0.027167577252302663,-0.0087353225202177632,0.033428884231598434,0.043365828724125768,0.029386476038729709,0.045893817176091915,0.111,0.111,0.3239,0.0,0.3418,0.3418,0.66785628012433684,0.66938427070685913,0.65380288731190161,0.75947318247676321,0.47864381361946906,0.38947778820723478,39.0
23,NC,1970,0.5759108819486015,-0.050590909090909089,-0.049781818181818177,-0.01825437606893059,-0.067714920482135649,0.061805076846020317,0.092201589403412471,0.034384101257786313,0.080850540070513718,0.1693,0.1693,0.0572,0.0,0.2816,0.2816,0.47916352274067681,0.52557886099254358,0.77778755584200487,0.7368010356696969,0.39323417016342038,0.34187309623001394,11.0
24,OH,1970,0.4763200663524034,0.067895652173913051,0.06945217391304348,0.047988392775215466,0.052708042116846036,0.051475315896243552,0.056926388784226796,0.037146128714556158,0.057695985658587162,0.0291,0.0291,0.0816,0.0,0.1284,0.1284,0.87743320195384511,0.70987418625898435,0.8821844644815785,0.65798915070026565,0.7762428787538932,0.53270971466484374,23.0
25,OK,1970,0.6138915409089545,-0.020250000000000001,0.0055333333333333337,0.00056639758693335549,-0.053421380494845627,0.097164199107278262,0.16549558232069414,0.051390643624427218,0.13750697062894918,0.0731,0.1335,0.0328,0.0,0.194,0.3391,0.51558023378237205,0.68002198463149832,0.82395969430378435,0.81460808199575196,0.40021272455425749,0.51310367680210855,6.0
26,OR,1970,0.6042135148308192,-0.0101625,0.0023500000000000001,-0.0021971675899738669,-0.08895568542916503,0.11950298820602361,0.16751054736448043,0.045602165112052562,0.15989441017397776,0.0235,0.069,0.0573,0.0,0.1267,0.3414,0.47518872501510034,0.65046469685164754,0.72795686222312495,0.78519701836898526,0.33231346888857638,0.45050873586025481,4.0
27,PA,1970,0.5247603296548992,-0.025814,-0.025832000000000001,-0.015465720596359322,-0.017095890772592704,0.05669214058298018,0.064296820948771732,0.037722792920998074,0.06452581664071462,0.0804,0.0804,0.0996,0.0,0.1976,0.1976,0.85762926445439491,0.81418516714966183,0.88391551311125482,0.80673543818872662,0.76108094791373782,0.69509648999912521,25.0
28,SC,1970,0.5710256521394588,-0.008716666666666666,0.0011166666666666666,-0.004890257314732656,-0.079911800968079635,0.10564680287651461,0.1467360274686719,0.040340189306079383,0.12707546912000398,0.0593,0.1142,0.1354,0.0,0.1773,0.323,0.54469143741726,0.71234969468876586,0.71859988029417421,0.80795002714226727,0.36277883414208956,0.46340713520780302,6.0
29,TN,1970,0.5270490445748661,-0.041762500000000001,-0.050012500000000001,-0.029157119892391871,-0.023634628633298189,0.074912772850186299,0.086283294005458797,0.046391296522653482,0.085345043817422556,0.0116,0.0192,0.0511,0.0,0.0801,0.2272,0.77671188397493784,0.81774473943097969,0.82197348007801008,0.78698169956924746,0.63927010976642529,0.62719957182363606,8.0
30,TX,1970,0.606396654828804,-0.085222916666666662,-0.15847083333333334,-0.056370157620178551,-0.11699977445574218,0.055709550943658974,0.064528860830072712,0.021701831820106512,0.057535772662969852,0.0254,0.0284,0.0231,0.0,0.0234,0.027,0.29678245317500557,0.4080927094205038,0.74731933954040053,0.54595171709695578,0.25183376848694911,0.12270707604351662,24.0
31,VA,1970,0.4494786280278401,0.0395,0.070269999999999999,0.020150108978660763,0.10009255946333134,0.084456872404379463,0.10030021492156102,0.026075546320135177,0.092895998197389945,0.0774,0.1289,0.1322,0.0,0.0956,0.1935,0.58308395452553308,0.67791353200354065,0.67724716055539191,0.77069402732792869,0.46723692461120697,0.41274229510802807,10.0
32,WA,1970,0.573999208677799,-0.061157142857142854,-0.11961428571428571,-0.03780146820635033,-0.099823109814443325,0.11022147638721563,0.13881592071202484,0.042708536456521694,0.11165571285536051,0.1356,0.1356,0.1102,0.0,0.2089,0.2089,0.54078868634010313,0.57944224923876797,0.74805515209810058,0.69486861728355298,0.47133121814633477,0.38626344912154176,7.0
33,WV,1970,0.6315032318111545,-0.018262500000000001,0.0060749999999999997,0.00043194551173730345,-0.17591553334791307,0.092938998055100364,0.23024366568824203,0.040559824295221029,0.1202071008036875,0.0532,0.104,0.0594,0.0,0.2674,0.4535,0.32387084550695594,0.453676150089937,0.68225578671861209,0.81109588881934058,0.23244067530975301,0.32488646034740565,4.0
34,WI,1970,0.5579720550488624,-0.060311111111111107,-0.088311111111111104,-0.047533678461278796,-0.045344105531408878,0.067220363654384885,0.072019799532202528,0.033556237194737097,0.080067032021556087,0.0856,0.0856,0.1035,0.0,0.2821,0.2821,0.49944831026828551,0.51309237701806842,0.75003870289487429,0.49858965438985647,0.4264722979405261,0.19092113740877514,9.0
35,AL,1980,0.6304492499551406,-0.026792857142857143,-0.099057142857142857,-0.04547965057269631,0.02171662065427862,0.065203109601406475,0.10361319797192438,0.045557616186856185,0.069003098125275331,0.1697,0.1697,0.2796,0.0,0.7011,0.7011,0.15295133725145715,0.27933621861449731,0.525405024391288,0.65658536215400176,0.078459718944030005,0.047399338877554674,7.0
36,AZ,1980,0.3985112716142224,0.016830000000000001,0.12154000000000001,0.035819308862221462,0.075528589054674369,0.090678406235088493,0.14907129376597797,0.041052101764983313,0.07216412617877152,0.1871,0.1871,0.162,0.0,0.235,0.235,0.26882429886900583,0.44458762129844792,0.54958878329736272,0.66548440469209147,0.21988088437019643,0.16658529406651509,5.0
37,AR,1980,0.5622089187291734,-0.13016249999999999,-0.17807500000000001,-0.072413630104005366,-0.092062119611842783,0.11632933570335781,0.1192034618689078,0.057845751570473516,0.10131941936133991,0.0089,0.013,0.0196,0.0,0.0202,0.0841,0.63102339957493581,0.78200916816947508,0.71145429948101935,0.74199880442983568,0.55893333405223078,0.55431516663692348,4.0
38,CA,1980,0.5177314191613406,-0.094309999999999991,-0.096224444444444446,-0.080332545276261269,-0.070161545962329291,0.019730182765545116,0.021214077814906643,0.017746686954549454,0.027871275604121202,0.0,0.0,0.005,0.0,0.0051,0.0051,0.84194900248717275,0.32092227590696554,0.70188000078813995,0.25628294637250715,0.5712536940350319,0.13662980669602745,45.0
39,CO,1980,0.4660163141897787,0.012274999999999999,0.015149999999999999,0.0072586660682160131,-0.022904442418957175,0.066126230117084517,0.061790626557555302,0.038635919646466912,0.093542611564457742,0.0021,0.0098,0.0263,0.0,0.0113,0.3552,0.66735657931243153,0.74426130269395985,0.72719790155491326,0.65941033363085533,0.51040309438633569,0.54753841458155084,6.0
40,CT,1980,0.5067076733601598,-0.0068000000000000005,-0.011183333333333335,-0.00098622315903641082,-0.004118874231348062,0.096942020461142975,0.10781149108299509,0.050527932003363016,0.11200774259872211,0.0056,0.0106,0.0181,0.0,0.0278,0.2501,0.80781537939156967,0.82676127589969406,0.85152629665873747,0.77551955530686778,0.68942413080872167,0.70594005106709656,6.0
41,FL,1980,0.5290759919201066,-0.069002631578947371,-0.07745263157894737,-0.047016170323237877,-0.053726380162656746,0.047706543451655675,0.052163488710773497,0.030987314632888407,0.054743723996461123,0.0367,0.0367,0.0907,0.0,0.1463,0.1463,0.73711868499933797,0.66827764827148817,0.78584321835459203,0.6065500884686289,0.58508713732455497,0.38992838557658543,19.0
42,GA,1980,0.6440564801667032,-0.036065,-0.067810000000000009,-0.021013709353796175,-0.094075382270891239,0.056536584735384872,0.11415825467617781,0.029919964677235553,0.064394228498911951,0.1308,0.1994,0.1026,0.0,0.1735,0.2746,0.14495023579743124,0.2405159463707599,0.56533768316978084,0.76053621787233694,0.067105700772928517,0.052408093872605692,10.0
43,IL,1980,0.5480573946242794,-0.032559090909090913,-0.04065454545454545,-0.029063067908885552,0.00089445152782507108,0.041668416226382399,0.050892326732498654,0.032877666124330213,0.049702387344993527,0.0421,0.0739,0.2371,0.0,0.267,0.3801,0.69483853396833506,0.76873316882332166,0.75202806338012085,0.77811228281975509,0.50574250274789689,0.43517272552221681,22.0
44,IN,1980,0.5080898896736354,-0.034044999999999999,-0.03737,-0.013268921725516733,-0.038387613169535845,0.078989315139394764,0.092180978695625318,0.028754333697936334,0.090360860988841607,0.0147,0.031,0.0416,0.0,0.0593,0.1948,0.81445913550521365,0.81297137304201117,0.86380093408274072,0.78934006006350577,0.71157837741211361,0.69341610493178785,10.0
45,IA,1980,0.4812859146837594,0.067216666666666661,0.075616666666666665,0.023865837822611157,0.074862172905486732,0.13761533412707894,0.15435727713907585,0.048925482544686261,0.14666884792061161,0.0094,0.0183,0.0272,0.0,0.0314,0.1451,0.86482382538553604,0.8481212483922983,0.89474705108789143,0.81062728341491797,0.79052762729666459,0.75383149677961403,6.0
46,KS,1980,0.4594231093201734,0.077130000000000004,0.087340000000000001,0.079696017047905424,0.02179184204819351,0.057256361472703708,0.057096851095664675,0.051419959494066622,0.068627751148977137,0.0096,0.0096,0.217,0.0,0.3472,0.3472,0.60647545930451419,0.65566976216105177,0.59970262063650592,0.5520800676153147,0.36638935110483267,0.18480364467074603,5.0
47,KY,1980,0.532672368535613,-0.056649999999999999,-0.064957142857142852,-0.087135167713460235,-0.010136813957399167,0.046177020933993555,0.037157874839702495,0.050738211714474825,0.087091034803621889,0.0287,0.0287,0.2825,0.0,0.421,0.421,0.52711907556018223,0.58489994963230307,0.51937696954043988,0.53857099492178218,0.24331345196752927,0.17424346190501763,7.0
48,LA,1980,0.5811562347269057,-0.0033249999999999998,-0.027725,-0.0054740786604085389,0.073994332665241982,0.054523714185121822,0.077221568826780565,0.058675022842809288,0.078788679889191471,0.0038,0.015,0.1563,0.0,0.2322,0.3895,0.56339309444136754,0.81867223081224705,0.77120873004908086,0.75329974967461633,0.40942894879033792,0.60188456233050625,8.0
49,MD,1980,0.6145743869627506,-0.061631249999999999,-0.0887125,-0.049151136385345316,-0.014289539778916815,0.082188800321742944,0.10053688681429832,0.047165119217849494,0.11093913313547597,0.0447,0.0942,0.1424,0.0,0.1875,0.3698,0.47852159757190338,0.61595909366377044,0.784947007923397,0.70160088806161747,0.41888520068338103,0.38748282408635248,8.0
50,MA,1980,0.6402140082185733,-0.030786363636363636,-0.16287272727272728,-0.039064187341264031,-0.10317017634693994,0.042945621376916439,0.095228267207512429,0.023901691288805527,0.04333300894083613,0.1127,0.1127,0.0804,0.0,0.0617,0.0617,0.067299693719884451,0.11018389487287018,0.52490309157231252,0.57789215203801647,0.047724677550395667,0.021466747358381059,11.0
51,MI,1980,0.5483406482398421,-0.060519444444444445,-0.07379444444444444,-0.050118988586464991,-0.022867060384618863,0.038371127963587048,0.046214352589650148,0.025935988233717924,0.052864730977205336,0.0145,0.0251,0.2387,0.0,0.2504,0.3213,0.55095127524586818,0.60375865123093431,0.73325139624061897,0.5506237214964389,0.38599237997034791,0.20834356374901949,18.0
52,MN,1980,0.5726037085774676,-0.071962499999999999,-0.082187499999999997,-0.055358120990166529,-0.029325522041650436,0.062873236739806979,0.071482783399796759,0.040961359999173545,0.074719738006703451,0.0205,0.0407,0.1895,0.0,0.2272,0.3435,0.40863424439915103,0.67116991962232386,0.66368228852334277,0.69885800645354657,0.214326059810202,0.20637612358785032,8.0
53,MS,1980,0.6415530603045199,-0.024170000000000001,0.0016400000000000002,3.4726658975114974e-05,0.022764112906571991,0.10073641785664339,0.17003588333102521,0.061282215137481305,0.14805553674633784,0.1658,0.1658,0.1038,0.0,0.3856,0.3856,0.46199543845911628,0.49568751339166578,0.70129474918592205,0.76537913205201258,0.33666720340796952,0.34778332469556367,5.0
54,MO,1980,0.5487137946458958,-0.02883888888888889,-0.04228888888888889,-0.02405804996853814,-0.027264168743690646,0.073849444174649601,0.084648997877000615,0.039878753652871482,0.087501752093754825,0.121,0.121,0.1329,0.0,0.3588,0.3588,0.59893023202141737,0.65700303130828874,0.71774098861901592,0.6840499006807168,0.44953691499414489,0.31832075371132368,9.0
55,NE,1980,0.3511428015639785,0.0029499999999999999,0.04423333333333334,0.021713272467703031,0.0771543427314417,0.10295965667397874,0.18631572731230522,0.053011163652329628,0.13686408061089336,0.0916,0.0916,0.0325,0.0,0.3888,0.3888,0.27284173710702453,0.36654952682708547,0.61322221776714825,0.75375760058085128,0.12070478679942921,0.13973542381821843,3.0
56,NJ,1980,0.5095928335647794,-0.059639285714285714,-0.068678571428571436,-0.05563493823803748,-0.049682352061521093,0.041469635081317791,0.043498465577180123,0.031835571256773228,0.067033841755942222,0.0088,0.0149,0.136,0.0,0.1503,0.2151,0.71337957605387059,0.6592171869295006,0.6422933086155741,0.61071701478583096,0.44218508209384594,0.36589398046391419,14.0
57,NM,1980,0.4735393002762573,0.11259999999999999,0.13693333333333332,0.077899434720496444,0.089414004777684755,0.098234325854333532,0.095714625122180555,0.055223586756491458,0.1094452788175122,0.0211,0.0211,0.0418,0.0,0.1553,0.1553,0.5936599421634402,0.68106840908431432,0.68436985298892983,0.6275106611950686,0.43320109616603941,0.40466400114804912,3.0
58,NY,1980,0.5460621311637037,-0.049077941176470588,-0.052255882352941173,-0.049803346815092332,-0.00039833372876861686,0.028781901817403744,0.035222728389512771,0.029117196543235115,0.038319666431046569,0.0127,0.0231,0.4341,0.0,0.39,0.4618,0.70933867282126506,0.72063897606663463,0.76350400368671112,0.63076317483062583,0.55182518353477794,0.35144697968708066,34.0
59,NC,1980,0.5447713067076576,-0.035218181818181822,-0.031772727272727272,-0.0086336839665369699,-0.087942983395090796,0.065218812075339166,0.09243059157433349,0.025307859146480947,0.08908675229397417,0.1652,0.1652,0.0733,0.0,0.296,0.296,0.555163864126062,0.59616447882199963,0.78156435715260686,0.75516739229726559,0.44408527432762507,0.4015887721597049,11.0
60,OH,1980,0.5127589686958407,-0.0030190476190476191,-0.004928571428571428,-0.014408929737153129,0.016037328022655051,0.02943221744497539,0.031288683018250774,0.053603092107482798,0.044113231008782505,0.0249,0.0249,0.2346,0.0,0.3602,0.3602,0.86200521466828128,0.78533823535366321,0.6395016490325488,0.74690153484452648,0.53069889192685271,0.47901562691971228,21.0
61,OK,1980,0.6087776168192918,-0.069008333333333324,-0.13325000000000001,-0.074276650507964434,-0.014915664405110286,0.082951185233122629,0.076652335995825452,0.042716626640697274,0.08152617706030689,0.0552,0.0781,0.2416,0.0,0.4297,0.5224,0.25741494029632139,0.64976406910081252,0.53280763426098077,0.61452328092323527,0.078126293690290477,0.057040600769376434,6.0
62,OR,1980,0.5788100576341104,0.017739999999999999,0.0066400000000000001,-0.0028569170848418081,-0.011776829000051503,0.087430296840858152,0.13174841997009476,0.045104688389024317,0.11766382863031945,0.178,0.178,0.0538,0.0,0.4425,0.4425,0.38915974897752653,0.50591524006457855,0.74627030751462209,0.75534596012601318,0.2236015771208987,0.27142875420605933,5.0
63,PA,1980,0.5173260264432089,0.0029826086956521738,0.0012521739130434782,-0.0013607671808313004,0.020331814726374724,0.034963083579197488,0.038874780922571024,0.035970205216625771,0.043408846366772592,0.0631,0.0631,0.145,0.0,0.295,0.295,0.82959365295070597,0.76674510856636791,0.78003857231491025,0.74938067413633969,0.6396769293495832,0.58941198800064853,23.0
64,SC,1980,0.5408944136735966,-0.0059416666666666671,-0.0072499999999999995,-0.0019179775004367701,-0.0036525622371978059,0.089230155088163468,0.10146767609022755,0.038470641803442125,0.11397047661836882,0.0152,0.0394,0.0323,0.0,0.0505,0.2713,0.63130579687481536,0.75761824919024268,0.79365535390786313,0.73911740332394449,0.48685456816763428,0.58307168724765746,6.0
65,TN,1980,0.5543820893662058,-0.10513888888888889,-0.12398888888888887,-0.090502436066142639,-0.056965705956418547,0.044131077579040015,0.059045434435617397,0.039916765601354404,0.053748200760707646,0.0127,0.0127,0.1184,0.0,0.1481,0.1481,0.38643473238464732,0.47415808843803181,0.60608470003333292,0.19107912407107652,0.2323465144189972,0.040239597215621398,9.0
66,TX,1980,0.5408186559899886,-0.11868518518518519,-0.1350962962962963,-0.061486128856780682,-0.10552990467496506,0.039384719681889654,0.045242275050855658,0.0196980897338263,0.04295249769965144,0.0009,0.0009,0.0053,0.0,0.0065,0.0065,0.63219072188333858,0.56245303044203909,0.78906289633916316,0.37601190451093081,0.53541809961081011,0.20656591120261686,27.0
67,UT,1980,0.4394399751700521,0.011650000000000001,0.038133333333333332,0.016629334899406024,0.072108452785620933,0.14816404378086492,0.20367457022239607,0.050890258458830162,0.19085543536800778,0.0975,0.0975,0.0677,0.0,0.317,0.317,0.53348215410309352,0.60436729916747545,0.70242629462600159,0.74561307944939581,0.37315092751275658,0.39068603660101092,3.0
68,VA,1980,0.479269004510947,-0.02214,-0.025000000000000001,-0.0084682631584076552,-0.015095144940349491,0.074611507743167688,0.082678192822272289,0.027612217158508034,0.089508277928430593,0.0116,0.0225,0.0423,0.0,0.0566,0.2225,0.8055929127623398,0.82304642814967344,0.85234059376200511,0.77864302061104806,0.66848894924634361,0.71150587799586007,10.0
69,WA,1980,0.5508360171731579,-0.077281249999999996,-0.092249999999999999,-0.057528992170357424,-0.036923589462467807,0.063451224410766269,0.066612733209368918,0.039207380617972569,0.07176560343839479,0.011,0.0179,0.1295,0.0,0.1614,0.2546,0.58223155581136754,0.72771713016996786,0.69756368863930573,0.68138863395306004,0.40211624121306594,0.31507066978675669,8.0
70,WV,1980,0.6350997552573533,-0.0085500000000000003,-0.0028500000000000001,-0.0016462408151135751,-0.16770601214926661,0.09193879906914941,0.24111240328755781,0.041233229961694831,0.12052352673457234,0.0343,0.0727,0.0684,0.0,0.2546,0.4284,0.36630939243513111,0.50718909516091804,0.70538603158155089,0.81629345181019874,0.26015491525504048,0.35847308803858857,4.0
71,WI,1980,0.494086988649819,-0.040811111111111111,-0.041144444444444449,-0.05927290124576292,-0.049080530710092739,0.042919049637266275,0.045959593028899862,0.054170008832979864,0.053396800150761023,0.0017,0.0017,0.013,0.0,0.058,0.058,0.89971753904145879,0.70359972985801189,0.83616964474925914,0.65657240962269703,0.75262265570636155,0.62134541578116431,9.0
72,AL,1990,0.4813514692661968,0.026835714285714286,0.022242857142857144,0.0072282688814250175,0.020525110559904851,0.082668611197205102,0.097038142129050917,0.058060568782964103,0.10257298964170408,0.0856,0.0856,0.0676,0.0,0.2633,0.2633,0.70356041135439162,0.7101220080458488,0.81908902604223488,0.76519281851739995,0.58565834229371383,0.58303774418008547,7.0
73,AZ,1990,0.4060133337297319,-0.019891666666666665,0.045433333333333333,0.012269860399734239,0.072447328535109448,0.089769703572042531,0.13158769521559838,0.034317127401035527,0.096420482778870498,0.1239,0.2247,0.2521,0.0,0.1404,0.3141,0.31804191128604087,0.52997972000562621,0.60261021764047695,0.78102131249199813,0.27229630409390732,0.38556281565810113,6.0
74,AR,1990,0.5125141447905862,-0.023337500000000001,-0.029850000000000002,-0.0076402173222100316,-0.031830751584734057,0.10883753100178936,0.11240658799244115,0.030502244164877214,0.14629355746544656,0.0067,0.0262,0.0304,0.0,0.0211,0.2974,0.57378377857958429,0.7147327206265045,0.73658118683986717,0.63458079907513376,0.44022847563040385,0.54358959655339056,4.0
75,CA,1990,0.536155774623327,-0.0084875000000000003,-0.0040692307692307694,-0.0032880434464071045,0.016363241746086093,0.024989672703505442,0.029855832507344471,0.02155505808064356,0.033773375219631474,0.0913,0.1429,0.2816,0.0,0.2292,0.3408,0.71599091387802283,0.75121566972028508,0.73118312348879277,0.84709741794497906,0.55238405427442538,0.56350109150952232,52.0
76,CO,1990,0.4273756104315493,0.029683333333333336,0.10854999999999999,0.040361097327076934,0.027708307892661189,0.085384202881831323,0.089835863250766271,0.032105743535599092,0.073133862541902142,0.1209,0.1653,0.0944,0.0,0.2327,0.3473,0.29789820445624166,0.53589397271084449,0.64986414871473708,0.70619729285091271,0.17640147983643012,0.18523651296107616,6.0
77,CT,1990,0.5226198870642822,0.022525,0.033783333333333332,0.0089848559535631953,0.020559166681915424,0.087533654036941175,0.11051101951936823,0.035202191523201656,0.10735087954389778,0.0081,0.0155,0.0135,0.0,0.067,0.2517,0.72199528604050567,0.79186780519901245,0.86023631338659579,0.76430577280556322,0.60682148282287085,0.6719211688772162,6.0
78,FL,1990,0.4634977815576109,0.089189130434782604,0.10644347826086956,0.051077009635672646,0.069314319261710791,0.038448560857576204,0.041503134479483325,0.02036228974877077,0.036934003858903636,0.0111,0.0111,0.0258,0.0,0.0365,0.0365,0.61560794392596729,0.64764516478079914,0.69933989661736562,0.48609718818994241,0.46040091078847695,0.20689328802089779,23.0
79,GA,1990,0.4647381829315349,0.028009090909090907,0.049527272727272725,0.014942536615164871,0.054362196610656964,0.086896240804274869,0.10594434734577884,0.032240552714600614,0.10096772331355598,0.1371,0.1371,0.1192,0.0,0.238,0.238,0.68533254153288081,0.6764198740337114,0.76994923541107707,0.77413163238531568,0.59028569268437392,0.54558854907008714,11.0
80,IL,1990,0.5361821092849294,0.016914999999999999,0.016230000000000001,0.016690041645537518,0.051664161890144507,0.036554977795645892,0.042793343255963331,0.033731889450643579,0.052695858219941542,0.0275,0.0555,0.0968,0.0,0.0959,0.2423,0.70195777034754792,0.76768218822134826,0.70662982280420139,0.78386435310669,0.49186302107849017,0.59858723437064898,20.0
81,IN,1990,0.4662815363227126,-0.03397,-0.044170000000000001,-0.015127399777349053,-0.018035432473215745,0.069159362357819457,0.086306175767424442,0.027239339309697286,0.090778884837925539,0.0497,0.0938,0.0921,0.0,0.1517,0.2958,0.59155120229511515,0.67544437179033556,0.80648586845977299,0.77646967914264742,0.43788694908930259,0.53988752347245728,10.0
82,IA,1990,0.4352321629633348,0.022780000000000002,0.01174,0.0033735896321159557,0.14454050900080401,0.1194257001226494,0.17550285617405925,0.039313717828993899,0.15447719605817736,0.1564,0.1564,0.0976,0.0,0.3505,0.3505,0.53692409323695711,0.64857608834478242,0.76608471394737232,0.7515060424814336,0.43765764621898623,0.48933509506316386,5.0
83,KS,1990,0.3985262254970251,0.0275,-0.079625000000000001,-0.020024388944167439,0.093681292761424964,0.11245005336348286,0.17144692700622541,0.044741751189144877,0.18213917103624117,0.1328,0.2155,0.0088,0.0,0.281,0.4738,0.36939518865316007,0.58650604700270248,0.89256320909182441,0.79395580854925096,0.30863561625613523,0.50388499467117598,4.0
84,KY,1990,0.4380710427971923,-0.011041666666666667,-0.075749999999999998,-0.016242399827938406,0.056944537258983879,0.11998700928255937,0.15044482479957672,0.035668519716946803,0.1710446886152413,0.0928,0.1481,0.0763,0.0,0.2406,0.3957,0.57709646223854227,0.6632658939126127,0.85239106654489072,0.78851669066195351,0.42199000826619215,0.51957956554979978,6.0
85,LA,1990,0.4341865002608184,0.020678571428571428,-0.0022000000000000001,0.014546305771133472,-0.0025766086271591304,0.086397162344904826,0.1034324448294193,0.069440213765663256,0.098846385977011564,0.1051,0.1051,0.0818,0.0,0.2965,0.2965,0.65790807865360268,0.75275800607429055,0.77766911275805806,0.72537414648040399,0.49375831941107867,0.52715519010548528,7.0
86,MD,1990,0.5295998830406463,0.0054749999999999998,0.0038500000000000001,0.0079487138890587204,0.048562042779125798,0.035857746064069329,0.035191282196508029,0.03223936616670231,0.054747614733002659,0.0003,0.0008,0.0103,0.0,0.0046,0.3494,0.60309107543499618,0.65113368172277064,0.62125427127256472,0.4671471264135712,0.34260812033439597,0.3805171907208667,8.0
87,MA,1990,0.667221011444956,-0.015004999999999999,-0.052129999999999996,-0.013723549355397444,-0.081071525507155684,0.042074659864344367,0.11059243269146793,0.028481317933140776,0.07191999275354384,0.1515,0.2348,0.0731,0.0,0.214,0.3474,0.074320567944782173,0.092044461627070237,0.73740757321552708,0.80498902755887825,0.057804019859301191,0.051723308230033717,10.0
88,MI,1990,0.5208786919440352,-0.048793749999999997,-0.062543749999999995,-0.030847121137269208,-0.04144155052068154,0.047763083596570326,0.052558383720462995,0.02457679254434474,0.051049807287077899,0.0271,0.0417,0.0723,0.0,0.0965,0.1665,0.69641089029248193,0.72852478554715749,0.80026509168843751,0.69685328431496418,0.57282208331058126,0.47942344786966229,16.0
89,MN,1990,0.5500496139771187,-0.072349999999999998,-0.085962499999999997,-0.026270359440048133,-0.11124194144133447,0.091399195189498947,0.11869464998787255,0.033392554596556004,0.10825084899268959,0.0289,0.0595,0.0402,0.0,0.0678,0.1628,0.67470727889612481,0.77571612958044778,0.80493472083458184,0.76329515767358114,0.57734368016803073,0.54054682831652912,8.0
90,MS,1990,0.5645142664113333,-0.02418,-0.060260000000000001,-0.024205435153021544,-0.026512649782562653,0.1306025777055351,0.16820095587170608,0.066137542816819508,0.14859590950123089,0.1193,0.1193,0.073,0.0,0.2896,0.2896,0.63959631460586375,0.67359308363904657,0.81455793886592065,0.75595557653274181,0.52799603524231931,0.53724407410450858,5.0
91,MO,1990,0.5243849874364829,-0.050427777777777773,-0.05344444444444444,-0.043924329768438325,-0.029647076642701681,0.059945889687911216,0.065571921439503147,0.046370311173596655,0.070668471718444412,0.024,0.024,0.143,0.0,0.2508,0.2508,0.79539800914745207,0.66515867886849822,0.81857551676013363,0.60160222148844866,0.66913559312938931,0.42189543217191405,9.0
92,NE,1990,0.32205824490784724,0.016933333333333331,-0.032966666666666665,-0.0096478018208012786,0.096548320093416129,0.074516483959921817,0.16787699015629851,0.040156823077006271,0.11257549302919907,0.1082,0.1082,0.0036,0.0,0.5468,0.5468,0.034857775861133568,0.055775095546896455,0.60131733098471207,0.78869030126862227,0.037522352358802288,0.053545173839013221,3.0
93,NJ,1990,0.4899525284139928,0.0059769230769230776,0.010676923076923077,0.010810342028050979,-0.0023780419037209219,0.049230989805217215,0.052790848799365742,0.045421298397287077,0.062390697436461542,0.0519,0.0519,0.1104,0.0,0.262,0.262,0.80164606145729211,0.7619374326984435,0.7844109858032875,0.74498143570536579,0.62591871053483006,0.58471828521065317,13.0
94,NM,1990,0.484820609263038,0.10633333333333334,0.14116666666666666,0.056032870730252253,0.10367347744899637,0.10951904703926464,0.096295895614368923,0.039334729872934314,0.12102078505597301,0.0398,0.0398,0.0307,0.0,0.1307,0.1307,0.53951451989459587,0.62720658274074059,0.73095244003317172,0.58725063333735861,0.44318506081702103,0.42887545239241309,3.0
95,NY,1990,0.5490881951887738,-0.027635483870967741,-0.037041935483870969,-0.030191683681255545,0.01539372179268542,0.02827492388497746,0.034927073458700074,0.027314237596651133,0.037078788119034846,0.1052,0.1052,0.4341,0.0,0.5705,0.5705,0.5901270292522367,0.65330911847488837,0.69636439648037018,0.67658706923013878,0.39127322682836779,0.24260639813963403,31.0
96,NC,1990,0.4701346375362031,-0.018912500000000002,-0.016308333333333334,-0.0095316215111635443,-0.017240385493197431,0.061622922538680527,0.07201833281358537,0.030241355593617767,0.075581238390688144,0.0305,0.0602,0.0666,0.0,0.0883,0.2379,0.7077968395666504,0.77995034151729314,0.82696216528623012,0.77761177462854181,0.58170412072276356,0.68696007174297313,12.0
97,OH,1990,0.472464494284939,0.034586842105263159,0.033505263157894739,0.02627682479390768,0.015733176391008189,0.046593284984093215,0.053767860640869629,0.040342017078653564,0.055307177095502189,0.0686,0.0686,0.1277,0.0,0.2464,0.2464,0.80845715996513845,0.74957133566855771,0.84717836641904765,0.71596908792548619,0.68377601397508214,0.55449384524601353,19.0
98,OK,1990,0.43998356754521933,0.011183333333333335,0.034466666666666666,0.0087473060217227137,0.048269610935199797,0.1055458949369337,0.14941684155159324,0.039700769379249511,0.14482793319105813,0.0617,0.1147,0.102,0.0,0.1532,0.3101,0.53925851887817744,0.61654150832757681,0.70078288596146987,0.79864416116815329,0.40198751136104505,0.44962469140797323,6.0
99,OR,1990,0.5761881782832649,-0.056770000000000001,-0.021260000000000001,-0.0024899527759205961,-0.066693250906011886,0.070771943358909406,0.12858330282963126,0.04403242615251754,0.11343781121304591,0.2248,0.2248,0.0143,0.0,0.3728,0.3728,0.36267770521703624,0.52328413678887487,0.84145913812886164,0.76329429013242844,0.32988715666821689,0.42917539000332,5.0
100,PA,1990,0.508912037159236,0.0038976190476190478,0.0036857142857142857,0.0019414781997766084,0.0062251269490880192,0.050996648916774023,0.054650838800719644,0.030285724915616447,0.053978900127677379,0.0329,0.0329,0.0529,0.0,0.1418,0.1418,0.92313872727566726,0.82036648856221583,0.9354183657470716,0.79069461486065284,0.8664751027426566,0.77086958299549457,21.0
101,SC,1990,0.4643315627698983,0.051441666666666663,0.077316666666666659,0.029616351172660666,0.055568620753168145,0.094581296855928518,0.10608399498751149,0.039383135676674896,0.093255053234231541,0.0292,0.0478,0.0523,0.0,0.0553,0.1775,0.66164374782662339,0.77612703531219784,0.76035780305601808,0.77699909680386636,0.55629311554088989,0.58681689036915652,6.0
102,TN,1990,0.4907444470908314,0.0082555555555555559,0.0088777777777777778,0.01363854215400224,0.00010591256837498317,0.067911240790912833,0.073540095385971269,0.063813525032724597,0.077157749222225847,0.0136,0.0136,0.07,0.0,0.1582,0.1582,0.89424638333763051,0.79040667243423202,0.87465934544423762,0.74892453483265586,0.78352654932435484,0.68015425220945336,9.0
103,TX,1990,0.4839632441008114,-0.11782333333333334,-0.12107,-0.069945551658417246,-0.13479998670095075,0.034548731048147902,0.036800837507796454,0.018750306497794432,0.041699010749941035,0.0004,0.0006,0.0003,0.0,0.0007,0.001,0.88839075631881936,0.47577955891687063,0.86836613890319347,0.41135211146617856,0.77973760909542589,0.50048662823009638,30.0
104,UT,1990,0.4382447030027839,-8.3333333333333331e-05,-0.046033333333333336,-0.023520335414162298,0.035255723970703381,0.14231934623572662,0.17930648055852841,0.05623737507422736,0.22317671424830302,0.1089,0.1089,0.0137,0.0,0.3475,0.3475,0.54710485089480365,0.69853449527111899,0.88955236262452231,0.75715150870059056,0.47606454557657679,0.63927149477092982,3.0
105,VA,1990,0.4980424639882354,-0.011736363636363635,-0.012699999999999999,-0.012966613300313798,-0.014528495377309346,0.059597559965635628,0.063214985619148192,0.058591026842233752,0.067345613696238177,0.0117,0.0117,0.0605,0.0,0.137,0.137,0.90862074988600172,0.78212060602978617,0.88030697317705908,0.74074371257049887,0.79828204642993783,0.6899628259141658,11.0
106,WA,1990,0.5325839401491653,0.040088888888888889,0.059966666666666661,0.01530241945602364,-0.0051982002779384969,0.086882530560929941,0.11195377311796516,0.026897809624823497,0.12120104344720897,0.1035,0.1035,0.1355,0.0,0.3264,0.3264,0.68631659619946106,0.69345962209689238,0.84560585333172145,0.74169557368407713,0.52694201950342867,0.59210091527162756,9.0
107,WV,1990,0.6703448229886517,-0.00011666666666666667,-0.011999999999999999,-0.0010165392673973654,-0.14783640789391167,0.042786972514378005,0.26465219034794213,0.041512657959317502,0.083809578375975982,0.0133,0.0133,0.0021,0.0,0.473,0.473,0.14584878544670693,0.20798972523292997,0.51015883142298823,0.75590860774467772,0.062524910985466101,0.10504461177553943,3.0
108,WI,1990,0.4770365018554274,-0.022250000000000002,-0.020233333333333336,-0.008427182369313356,-0.026630689696077747,0.09034167288309862,0.10186675164604249,0.053394799326347185,0.099329148816294704,0.0629,0.0629,0.0672,0.0,0.2038,0.2038,0.83666293966152971,0.77738180982355543,0.87989056652558617,0.76164450909335335,0.73684628155525356,0.70187827029026095,9.0
109,AL,2000,0.4391683868887303,0.10112857142857143,0.13172857142857144,0.055113007125458094,0.092973507655992466,0.077585645330817507,0.10364620240961826,0.041139783470715882,0.082427055845814293,0.0512,0.0512,0.0319,0.0,0.1375,0.1375,0.55939055099359425,0.66995841630394015,0.72703138065313022,0.57523451189644559,0.48179834416834211,0.3219845217940206,7.0
110,AZ,2000,0.4529285763381106,-0.0132625,0.0058250000000000003,0.00065462611671554137,0.031563998786294206,0.088824201756231763,0.12003389183276052,0.030594118265351935,0.10167978455479096,0.0703,0.1234,0.1633,0.0,0.1463,0.2842,0.60808695034600269,0.68630222479320446,0.73155894080529804,0.81492586917029397,0.50523176118109903,0.5843051763319439,8.0
111,AR,2000,0.5327234902164191,-0.060874999999999999,-0.1031,-0.035339524913784448,-0.074955048333578633,0.10484373417548415,0.13307765013741643,0.026869675988128058,0.11593339701073285,0.0383,0.0786,0.0441,0.0,0.0631,0.2219,0.37847119758858766,0.55551339718984261,0.72865181120902411,0.60671210957147714,0.34088910440463249,0.40379974526496026,4.0
112,CA,2000,0.5700978606841414,-0.079777358490566039,-0.10936037735849057,-0.087323179310182061,0.0065214081273925056,0.027430199539599735,0.015389696625986885,0.014190884966831711,0.049904528101126229,0.0039,0.0039,0.5567,0.0,0.5657,0.5657,0.20606746391216393,0.34128578488809075,0.80722986384565021,0.17249291301397082,0.080243707629070654,0.00519793050750301,53.0
113,CO,2000,0.5066261594489018,-0.0015071428571428573,0.005657142857142858,-0.00077172798019496409,-0.0022433784200382029,0.088016888183028871,0.11543150011427586,0.042181058409037311,0.10480919568883808,0.0821,0.0821,0.0508,0.0,0.2653,0.2653,0.71444861425228512,0.72819345154282167,0.8464841073425895,0.75546328532514373,0.59835210898313818,0.61000319389048629,7.0
114,CT,2000,0.58777211757631,-0.012829999999999999,0.045839999999999999,0.026175444931695352,-0.041737514219110448,0.099646294654662598,0.1084613792420081,0.045821438376572099,0.15202202987047866,0.2355,0.2355,0.0314,0.0,0.441,0.441,0.32786412505676849,0.41694937021981454,0.81353745790397691,0.71661893001813393,0.26283389371005816,0.40603761280960554,5.0
115,FL,2000,0.4584645600140135,0.091431999999999999,0.124628,0.044910144297547368,0.098072046948851535,0.053326857692678066,0.052440982272094851,0.019003439705381001,0.047150099697123943,0.0366,0.0366,0.0294,0.0,0.0274,0.0274,0.51831611582160886,0.53413676723417081,0.80144407211380297,0.52996547282776885,0.48595802730276788,0.26488872793639173,25.0
116,GA,2000,0.4486068999313379,0.041603846153846158,0.045092307692307695,0.040568320607225122,-0.011227416647503301,0.057546597724032929,0.06526421240643332,0.057517822905581079,0.067232077423938122,0.0642,0.0642,0.2475,0.0,0.3827,0.3827,0.76502725311245423,0.77563262794579679,0.78867527233714929,0.74797132866521931,0.61136956803208842,0.52840543559880826,13.0
117,IL,2000,0.5494375540209357,0.0090552631578947381,0.023299999999999998,0.023690331101688205,0.062965275140362723,0.036004408569684718,0.04188362845337662,0.03865361297502147,0.056002434376487262,0.1315,0.1315,0.1567,0.0,0.2214,0.2214,0.58284015992372362,0.63128730449993231,0.64072418102816409,0.73248351722744809,0.46203328594064491,0.56437407840831677,19.0
118,IN,2000,0.4571410665188415,-0.00084999999999999995,-0.020199999999999999,-0.018433708016502331,-0.0027935220037488464,0.063968512939430219,0.066163305113027204,0.038287894676422074,0.090918476669408207,0.1639,0.1639,0.0598,0.0,0.3246,0.3246,0.50128492825482485,0.56356411565328501,0.79791747606222463,0.72282685410478054,0.41437328151750769,0.51285465296226529,9.0
119,IA,2000,0.4674213029101169,-0.00296,-0.017559999999999999,-0.0088813418023313741,0.043230946244366075,0.1178924436205573,0.13924649136885228,0.038815309193520317,0.16520403989713764,0.1125,0.1125,0.0678,0.0,0.2885,0.2885,0.65442405521256253,0.66660222679517322,0.80566163450844497,0.73815004523152195,0.50830988502146046,0.55681734206632982,5.0
120,KS,2000,0.38890608540277616,0.0299875,-0.01985,-0.00015487793043960306,0.065515516060449058,0.087464005962360883,0.15131347288562136,0.037808984770730136,0.1293793266561083,0.0553,0.1217,0.0218,0.0,0.175,0.4284,0.21075858494709748,0.43945468147163075,0.77417555603494903,0.73148918925912687,0.13066230241441815,0.25034521099723056,4.0
121,KY,2000,0.4143171100007984,0.018075000000000001,0.05566666666666667,0.017333983640932474,0.053372136507880558,0.088465588362740058,0.12372674976996138,0.039371896458923868,0.1123129526678872,0.0626,0.1233,0.0629,0.0,0.1303,0.2972,0.42874969613363934,0.61812884290135184,0.72987539535151469,0.78466092129959286,0.33573143316815413,0.41587641933621,6.0
122,LA,2000,0.3812278002481516,0.0024071428571428573,0.033528571428571428,0.012196732207494053,0.056092942101127814,0.07527756046715714,0.14518244622621704,0.043284646627064001,0.095548493622635455,0.1988,0.1988,0.12,0.0,0.3954,0.3954,0.34982638461080673,0.42890630766905474,0.66901601015003365,0.77224605421983761,0.21038396186226857,0.21744276257332312,7.0
123,MD,2000,0.6140422493356876,-0.071550000000000002,-0.197875,-0.074299666144778814,-0.028574505890721781,0.083380971981914825,0.07532713184954852,0.030429495576671645,0.091479394702248848,0.0891,0.0951,0.1224,0.0,0.3594,0.3816,0.16704427051874232,0.38943226172358486,0.78655025078591967,0.4767470664361893,0.044040384624625423,0.051205307034810618,8.0
124,MA,2000,0.670113459410208,-0.00197,0.0015,0.0006277340034229296,-0.1449944025812453,0.024752381057926605,0.1115392043158366,0.020002590236641839,0.060500315778691596,0.0568,0.0879,0.0794,0.0,0.3404,0.5117,0.04580732311023214,0.050461560631421466,0.44771852987632443,0.82279148599304019,0.019413423783050745,0.011788277797358561,10.0
125,MI,2000,0.5037915066054761,0.065460000000000004,0.071739999999999998,0.054681310733642241,0.069569069478812973,0.03994764884359879,0.043790000644161241,0.03200760383660578,0.058134248398886569,0.0182,0.0182,0.066,0.0,0.1129,0.1129,0.76565544794213058,0.58744621143241915,0.68854600467887817,0.5163518259761285,0.53839995898733717,0.42251048811656033,15.0
126,MN,2000,0.5422430141639389,-0.027699999999999999,-0.024337500000000001,-0.019148193437555232,0.0029603155133334663,0.065266365532692147,0.069464783375196223,0.039561919860614872,0.086594752963106661,0.0102,0.0277,0.0681,0.0,0.0562,0.3358,0.65282922809816857,0.77427156036062772,0.76633297881076201,0.77233178945890146,0.49813096235507076,0.56184384975106194,8.0
127,MS,2000,0.509504946541867,-0.0078250000000000004,-0.013575,0.00090917101008023522,0.00076974800425184183,0.090703319036341892,0.094262176459018174,0.043734532786520459,0.11879914883784176,0.0006,0.0033,0.0052,0.0,0.0059,0.3515,0.7318105446974652,0.74036148701773907,0.76280874361022322,0.64927340168530001,0.57054923356994758,0.57188916058594563,4.0
128,MO,2000,0.4645982626023831,0.045555555555555551,0.049944444444444444,0.068169573296350469,-0.0058473397865623057,0.036432035671225882,0.032309881877233257,0.041379131769026259,0.060983772633677755,0.0218,0.0218,0.3534,0.0,0.4969,0.4969,0.54496291978012001,0.60037541068992395,0.55466936778403664,0.56340105667294715,0.27286115600324862,0.15348322301740674,9.0
129,NE,2000,0.3405634370079865,0.031683333333333334,-0.038433333333333333,-0.010640701359492558,0.10488623757190137,0.10924042679834561,0.22174814668309872,0.057869613410293994,0.14329721667962039,0.1558,0.1558,0.0142,0.0,0.5057,0.5057,0.27218431958503375,0.32230432517942642,0.65716835569756604,0.74570774102589654,0.18385137728129725,0.26346993867250418,3.0
130,NV,2000,0.4689291550982892,-0.025366666666666666,-0.0037000000000000002,-0.00058181585167607977,-0.017476479213106775,0.11444094889588048,0.17110852317041089,0.041757790703547147,0.13800135644337633,0.0739,0.0739,0.0263,0.0,0.3427,0.3427,0.48805975064141094,0.57629146365949879,0.76933377439062622,0.79206671095984904,0.40005479009858069,0.48400800578158765,3.0
131,NJ,2000,0.5331488305286779,-0.041857692307692311,-0.042369230769230763,-0.069513814967738813,0.0053350476625472426,0.028775788174642238,0.025677852111402531,0.034692773171841502,0.057938887926867529,0.0159,0.0159,0.411,0.0,0.5248,0.5248,0.5518680896219843,0.43137873675336996,0.51751818941803895,0.28399465621678827,0.29829698897108686,0.05543931255182883,13.0
132,NM,2000,0.5392156538219364,0.061883333333333339,0.11033333333333334,0.034168230768153153,0.022986923326697706,0.13637196481254585,0.14864532204344258,0.038026065927957479,0.21019706149691286,0.0777,0.0777,0.0408,0.0,0.3434,0.3434,0.53735434461708975,0.63374670443699832,0.87653240390849796,0.65681217053847518,0.42337228429412138,0.62003260213937239,3.0
133,NY,2000,0.6169508539529436,-0.066415517241379313,-0.07697586206896552,-0.047435674038134083,-0.0029439123294347056,0.031708034736001103,0.043721057622203206,0.027032068329319404,0.05593311187131049,0.0405,0.0405,0.4496,0.0,0.468,0.468,0.29770353143645101,0.3678094192664661,0.6455064067249936,0.54786850541729959,0.15539460536956856,0.089807066396641377,29.0
134,NC,2000,0.4976715127191482,-0.045376923076923079,-0.048561538461538462,-0.03621080282416491,-0.04696884863349278,0.047819720354828531,0.055337162428139977,0.04036954285027413,0.063533982050899968,0.0404,0.0404,0.0781,0.0,0.1842,0.1842,0.78068861074024976,0.70475229156122188,0.76878895885448095,0.68070339579045669,0.60016470260115951,0.55486101955097222,13.0
135,OH,2000,0.4816862531831424,0.080947222222222226,0.096172222222222228,0.048712657271020331,0.074286463841382641,0.051283390479238043,0.053710651937593383,0.025252679680013795,0.060059484563006457,0.0206,0.0285,0.0492,0.0,0.0736,0.1013,0.68190265602598488,0.63559457524903185,0.81548151922019763,0.60447531185187309,0.55763259373995411,0.43362344443388501,18.0
136,OK,2000,0.4062282686965896,0.039620000000000002,0.18587999999999999,0.042517661649105774,0.10876665372247007,0.088730169076196561,0.13309544334688536,0.031634094504570075,0.061952395040494608,0.1176,0.1176,0.0979,0.0,0.1162,0.1162,0.19303498822540047,0.38969527307166724,0.6030795946286539,0.59284334268518135,0.093867645717413378,0.054388548094173872,5.0
137,OR,2000,0.5592212394524714,-0.091049999999999992,-0.15343999999999999,-0.039199621677191272,-0.16184500394604706,0.08435406961674162,0.12381316315294183,0.02899959034972999,0.062468889798578335,0.0404,0.0404,0.0121,0.0,0.1042,0.1042,0.29955550258079128,0.57780608879454998,0.5205675640778622,0.45326858135471032,0.23384269642220459,0.088677548211981608,5.0
138,PA,2000,0.5146259811899863,0.071307894736842112,0.07724210526315789,0.031662888530135894,0.066903152889222023,0.054118783092724089,0.063291412586231013,0.02514270501624517,0.065935273480610471,0.0525,0.0525,0.0707,0.0,0.1358,0.1358,0.75408631854158326,0.68108466892159247,0.85617523699607545,0.65304802075529156,0.63065600601333327,0.63019823773089023,19.0
139,SC,2000,0.4473941855851086,0.067841666666666675,0.11193333333333333,0.04145291049188287,0.072516342654806498,0.086972621610493558,0.094308220824923988,0.03168679212790268,0.078892355475377124,0.0445,0.0655,0.0611,0.0,0.0779,0.1613,0.45698500811369308,0.65965291856325414,0.64237242011546281,0.68971548165788643,0.3374533134742132,0.28867081302963998,6.0
140,TN,2000,0.4699357907460569,-0.018855555555555556,-0.032400000000000005,-0.044453226632015376,-0.052054233990122635,0.051803718747864588,0.052539438353184961,0.058286578606709445,0.094237259627670406,0.0757,0.0757,0.138,0.0,0.2538,0.2538,0.60522697049641783,0.67117951753135374,0.53971453157396199,0.70746524653210119,0.37830800839545381,0.45615479499686185,9.0
141,TX,2000,0.4408997302563886,0.021242187499999999,0.050000000000000003,0.026944751931743297,0.0013019810573780539,0.043804780755461466,0.046614091617811618,0.024194889866616887,0.049187820033732947,0.1512,0.1884,0.1846,0.0,0.3434,0.4126,0.5459610130992294,0.59675808064234415,0.80126102876215499,0.77832555540211301,0.42494107208301923,0.34265184450087283,32.0
142,UT,2000,0.41396609301768655,0.07191666666666667,0.15993333333333334,0.08232890788491988,0.039312049544029164,0.12445029199004125,0.04898312567942964,0.038447468344367665,0.11091029382488897,0.1207,0.1207,0.1245,0.0,0.4156,0.4156,0.1377761403882215,0.50711712836415013,0.51124247174835724,0.37683119777255347,0.039305309917585574,0.007857020502912742,3.0
143,VA,2000,0.4656993464279636,0.087027272727272731,0.10013636363636363,0.037020799215142321,0.10262622303111799,0.06503831628382889,0.078380934982093156,0.026783993211221959,0.068366618077046457,0.0566,0.0566,0.0417,0.0,0.1001,0.1001,0.61633255014427557,0.58725240449450689,0.76453650273668228,0.53602553786727103,0.56217478239396534,0.32083783733437682,11.0
144,WA,2000,0.5709018422744612,-0.0045111111111111107,-0.084088888888888894,-0.026671625783364909,-0.04107494334255065,0.074473175604694894,0.084145018199484001,0.026093297304006502,0.067946650691248126,0.307,0.307,0.1788,0.0,0.3003,0.3003,0.29746238974087685,0.39313175935775752,0.69401901330871951,0.67071866983103401,0.23289793566646655,0.18732153941691976,9.0
145,WV,2000,0.5435594343184604,-0.077549999999999994,-0.15003333333333332,-0.058740731594974546,-0.077216163424182527,0.11173391682492441,0.072888630021079051,0.035042035311507326,0.10835197317293782,0.0851,0.0851,0.0349,0.0,0.2498,0.2498,0.23753947875823386,0.45611383398547523,0.65275899712856256,0.49010540339270636,0.16432452283566495,0.20447784025403126,3.0
146,WI,2000,0.4902472917728994,-0.018012500000000001,-0.022887500000000002,-0.0079735795118691874,-0.030893764564166027,0.05610472010189313,0.059529019932898407,0.044595158010532342,0.078295879143134212,0.0013,0.0027,0.0199,0.0,0.0131,0.349,0.82892256937893471,0.82395930236856396,0.71905253832631866,0.76405312603382491,0.59309610467947449,0.5950011893942676,8.0
147,AL,2010,0.3794749381687823,0.032678571428571432,0.22882857142857141,0.054515402259118675,0.11108828804487304,0.062738154304695148,0.10904923335805061,0.026882006368423899,0.033507163268878815,0.1397,0.1397,0.1207,0.0,0.0497,0.0497,0.072085571194520359,0.23765232742961157,0.38060388090753722,0.43760632190247489,0.099786327889392512,0.042260705468775743,7.0
148,AZ,2010,0.460285883162065,0.002488888888888889,-0.0070444444444444443,-0.0076743918006858753,-0.014972725370927186,0.055100674670784729,0.065131851217087242,0.03918858664728328,0.083299708529813346,0.1037,0.1037,0.0747,0.0,0.334,0.334,0.55139236034506189,0.70996116205267323,0.83843747365744536,0.76139745696628491,0.46709552000061411,0.59971257528100219,9.0
149,AR,2010,0.3947240105354032,0.0024624999999999998,0.011424999999999999,0.0011210419953641786,0.26522712320565645,0.0567798026445041,0.22916908871425531,0.027018123126750289,0.076808536155705542,0.0232,0.0502,0.0783,0.0,0.2702,0.4741,0.17773524394280882,0.29266280676356038,0.6786293710357999,0.80594367245292242,0.11088685977544839,0.19008856861819945,4.0
150,CA,2010,0.6074761798245412,-0.024447169811320755,-0.022356603773584907,-0.013182482713448662,0.00024939956471777274,0.02204116003700712,0.029510402771226806,0.017127840320195882,0.028623160149713552,0.2415,0.2415,0.3471,0.0,0.4871,0.4871,0.095502664566033652,0.11104818617807778,0.66622469903209369,0.754531324442408,0.052882019689441707,0.042989575365971401,53.0
151,CO,2010,0.4961615144630355,0.040035714285714286,0.042100000000000005,0.022907535699270884,0.039438308729870003,0.071079101304332551,0.077509887207995565,0.034535855810378137,0.077967978620416573,0.0113,0.0113,0.0175,0.0,0.0927,0.0927,0.86942926076235172,0.72647969696858428,0.89180180199426295,0.6794122561394913,0.78741879171721518,0.62696645689614239,7.0
152,CT,2010,0.6316146789390675,0.0074399999999999996,-0.04342,-0.01320364536966228,-0.1744155791351446,0.063380187005171271,0.14211517608027383,0.031412721186672043,0.09579405824473694,0.1672,0.1672,0.1623,0.0,0.3489,0.3489,0.086277095521742453,0.11548579269394271,0.72186673201777263,0.7031424958523621,0.059904785225588099,0.029277166830317815,5.0
153,FL,2010,0.4714049407543616,0.064929629629629629,0.073181481481481486,0.03399136674511806,0.060871581290662301,0.044776331022409008,0.050457506201456538,0.022450993177430663,0.047198008999791027,0.0414,0.0414,0.0519,0.0,0.1026,0.1026,0.7797837560258829,0.72338829762219392,0.83182224468419341,0.65665589750586617,0.68059568502208445,0.44772900174053082,27.0
154,GA,2010,0.44864964121416734,0.13961071428571428,0.16435714285714287,0.080970397463184587,0.091513629068431218,0.041283162413112612,0.044195604392221394,0.021510679669062116,0.037504880612883019,0.0004,0.0006,0.0091,0.0,0.009,0.0095,0.4890762649072275,0.59147253997514082,0.58337981415261619,0.24407097422884183,0.41174438377069428,0.076991710632308766,14.0
155,IL,2010,0.5411631913030287,-0.027169444444444444,-0.027744444444444447,-0.015346068104753419,-0.016135887589336637,0.040774105321926039,0.054401784010807065,0.025414357158739725,0.052017396194123419,0.0495,0.0916,0.1067,0.0,0.157,0.293,0.61933785944630504,0.70609060624820619,0.79241281200348035,0.77215990595371631,0.4910830705953399,0.44786342632720477,18.0
156,IN,2010,0.4154167183409624,0.028588888888888886,0.12327777777777776,0.033877210549389851,0.091634592427452213,0.080611041805199804,0.098261930057955638,0.026703704300861636,0.06600607580919729,0.2485,0.2485,0.2041,0.0,0.1536,0.1536,0.23073610934473118,0.33133643528590978,0.69222696338583256,0.5738363883606854,0.19443108703125486,0.11376552117848121,9.0
157,IA,2010,0.4764302943128134,0.0059624999999999999,0.0062750000000000002,0.0010582473481652137,0.066510604091270256,0.14009764033927502,0.1724669500509764,0.027336053403851625,0.19274730807292775,0.0195,0.0424,0.0604,0.0,0.0744,0.2751,0.66044990490800215,0.76175726393274446,0.72480855240615316,0.74610652099388153,0.47170560063490663,0.55059197360734524,4.0
158,KS,2010,0.3667917622461664,-0.0030999999999999999,0.038100000000000002,0.0056503396610203096,0.21879035901357302,0.037540390622538937,0.18805431779846021,0.026410426687870477,0.060181817414753556,0.0147,0.0316,0.0034,0.0,0.1703,0.4097,0.074725950700400987,0.14829588124024159,0.79089058283155445,0.7619709384205664,0.05927470261982476,0.114639771343662,4.0
159,KY,2010,0.3735169755533713,0.021341666666666665,0.15348333333333333,0.051316839753964845,0.068714027241478431,0.066623773058890542,0.092837106060642896,0.027706764815335076,0.056251588565720864,0.1156,0.1434,0.1043,0.0,0.0912,0.1278,0.061662519726653264,0.26941722486420394,0.52652102444570326,0.51650323690424571,0.067239821517396145,0.016935094264256382,6.0
160,LA,2010,0.36499060500880587,0.093208333333333337,0.22811666666666666,0.079216844858142274,0.063178974935385906,0.05218137170910931,0.10609231175451357,0.03245955710989723,0.020531928400900172,0.0027,0.0067,0.0023,0.0,0.0029,0.0082,0.074290965813684939,0.52614589857717231,0.23329838220331642,0.39029877735233137,0.0073664398006317968,0.017422570214875848,6.0
161,MD,2010,0.6219016056330492,-0.040550000000000003,-0.1469,-0.035951196747166271,-0.11158410688219092,0.062442422723782601,0.10697387223492516,0.023594072002385478,0.06776176024283001,0.107,0.1409,0.0919,0.0,0.0644,0.105,0.099577188029276106,0.19345614711598783,0.67713497394039801,0.62365130053289264,0.064523861233979851,0.03760962052781374,8.0
162,MA,2010,0.6762182200400978,0.011744444444444445,-0.074544444444444455,-0.015521752533261008,-0.1169790213405893,0.029309853491435958,0.11705249273095972,0.023186417178933869,0.052237723901420098,0.1957,0.1957,0.2399,0.0,0.2518,0.2518,0.017505288467970517,0.015420143321961731,0.86064735116293956,0.72810808525058801,0.0089586476594833483,0.0041928963132644636,9.0
163,MI,2010,0.5101675826572302,0.116325,0.12157142857142857,0.058836805774847553,0.12611043521376647,0.035805243103297392,0.037784565361835991,0.02144869040379753,0.048689439663186819,0.0006,0.0008,0.0056,0.0,0.0075,0.0143,0.78867258247010463,0.52437614222334727,0.83928918953422993,0.41765956091167422,0.65755030234542478,0.506640606964885,14.0
164,MN,2010,0.533433115786135,0.021787500000000001,0.0269625,0.0071917326096438304,-0.019179213507137426,0.083044006252392735,0.10899036188419764,0.025731806751174733,0.10944773670111223,0.04,0.0765,0.117,0.0,0.1461,0.2961,0.64986135554778435,0.74347846864577094,0.81222459086427801,0.79914693216997534,0.4998519814680516,0.60368375940712782,8.0
165,MS,2010,0.40266475879067065,0.093549999999999994,0.23497499999999999,0.08605971051608248,0.055549974127287384,0.11338400722019544,0.059840266215534794,0.03044206141643914,0.042692248650119495,0.0838,0.0916,0.0823,0.0,0.0877,0.094,0.12979896985716408,0.64161022090530884,0.49304790150456834,0.42312816861854979,0.011666847242116652,0.010001524248441159,4.0
166,MO,2010,0.4024945258105972,0.072362499999999996,0.2134875,0.075687525835021321,0.062407693734186032,0.087251747148627629,0.060981732682190093,0.023681005054812618,0.056301970692900771,0.1245,0.1273,0.086,0.0,0.1335,0.1359,0.089418967531188429,0.47274442761501845,0.66050755885931722,0.2735562775384851,0.022739444957937643,-0.0013913091316129105,8.0
167,NE,2010,0.3536038925705193,-0.042000000000000003,0.12163333333333333,0.043763943773322038,0.034776438289741356,0.11074747978263702,0.11472664903228716,0.039026377975442256,0.16633831415236641,0.3425,0.3425,0.0012,0.0,0.511,0.511,0.0067990353263756124,0.044029280863356779,0.74287766615997641,0.65456903737598937,0.0062088439924865742,-0.020835440178411935,3.0
168,NV,2010,0.4703011275167516,-0.039024999999999997,-0.034525,-0.012018348825533803,-0.015495466315114066,0.11073685312516336,0.15047105545204664,0.03250854366987313,0.14184831442844009,0.0117,0.0342,0.0538,0.0,0.0796,0.2968,0.59042207398312774,0.70848043751579037,0.76293750072542299,0.722365096076235,0.46720501258375335,0.58185481907977754,4.0
169,NJ,2010,0.5361222302477274,-0.013412500000000001,-0.009474999999999999,-0.012562030250222379,0.028699982491701543,0.037056626289964492,0.035977515074513855,0.027913324072882752,0.057346244301503903,0.0036,0.014,0.1132,0.0,0.0445,0.4458,0.56755907568301334,0.72482302716862645,0.72772289495362674,0.62183688257509107,0.43173800036511728,0.51015279181012596,12.0
170,NM,2010,0.547218441553783,-0.063199999999999992,-0.12753333333333333,-0.045082442700150813,-0.070499205030516335,0.11583701020142202,0.11036716642405829,0.037865403839677028,0.057788675781240181,0.0704,0.0704,0.0974,0.0,0.1069,0.1069,0.4133774382197708,0.71806464484017529,0.42469165109870571,0.62471715184570242,0.25784342062060506,0.22268587417117286,3.0
171,NY,2010,0.6257589227718685,-0.034798148148148147,0.0017851851851851852,0.0025180469129829665,0.067381989735148973,0.029008114391804219,0.03296412764479157,0.029614381526963537,0.044895660108160783,0.4516,0.4516,0.7502,0.0,0.4597,0.4597,0.073256601882696795,0.10321227832489129,0.74314610545924831,0.74751531263677573,0.048292279379893721,0.077989797019284754,27.0
172,NC,2010,0.4813212179850084,0.18042692307692307,0.2046,0.053538415291330466,0.18795752468212726,0.065293703617566784,0.065998815381038828,0.02014702201615139,0.057117338749457541,0.0056,0.0056,0.0058,0.0,0.0079,0.0079,0.64759827520811342,0.52876469759868139,0.77804599396829954,0.4324366498696629,0.59204639081768462,0.3169174908487985,13.0
173,OH,2010,0.4399049061050054,0.113753125,0.198575,0.063253339737972716,0.11595077778770521,0.085006387289852409,0.05293982090509701,0.018375447733247691,0.06570308579236929,0.0854,0.086,0.0533,0.0,0.0422,0.0431,0.26488935786509149,0.36572783160090139,0.86169638065373499,0.40477534311324043,0.20086084384714972,0.085727687912822037,16.0
174,OK,2010,0.30101962581271313,0.0027499999999999998,-0.0013599999999999999,-0.00042585542142855193,0.098843157255768296,0.02508984754925794,0.15481778726853537,0.037560853463516071,0.044736303200363023,0.0302,0.0302,0.0005,0.0,0.4999,0.4999,0.0089444649640316697,0.02389079423982288,0.38863130740877538,0.74306295548040313,0.0085228429484805503,0.013891283338067646,5.0
175,OR,2010,0.571698526722467,-0.048320000000000002,-0.11517999999999999,-0.026502774139483598,-0.13843341012227128,0.070297025308164479,0.14274314400529381,0.03082676187940633,0.058510176336804033,0.0792,0.0792,0.0055,0.0,0.2252,0.2252,0.26556286262754708,0.50392850070355411,0.44808641363925977,0.64751392649316075,0.19556083456709608,0.14459960740613073,5.0
176,PA,2010,0.4866766973334482,0.18478888888888889,0.19348333333333334,0.069004679803763486,0.1772106290017646,0.039318800256308468,0.0407550089874801,0.017686606560371802,0.04209557240724341,0.0,0.0,0.0002,0.0,0.0001,0.0004,0.7442014479039325,0.40412452130364407,0.78770683126856744,0.29832306032525552,0.60165254621430919,0.22188358678242873,18.0
177,SC,2010,0.4162540857851509,0.0613,0.17192857142857143,0.03572213623858405,0.17942381595115961,0.072195699158604604,0.12549208581368942,0.02598481619962419,0.044812003811243277,0.1033,0.1033,0.0717,0.0,0.0852,0.0852,0.17623117915116451,0.40557234044931256,0.47335989797883626,0.55199799384967563,0.14271402175133238,0.08089361488534455,7.0
178,TN,2010,0.3648683970765448,0.047344444444444439,0.16546666666666668,0.083826722702834741,0.00595312418388889,0.060646576023996542,0.072752432620078356,0.029917422286278465,0.035125386520577048,0.1072,0.1072,0.2107,0.0,0.4276,0.4276,0.039742066481559743,0.38189432342238233,0.48297332096576984,0.14125780412985361,0.026075502417881345,0.0019913469781589269,9.0
179,TX,2010,0.4208653787994885,0.024506944444444442,0.10376944444444444,0.039453398513742854,0.019868680387793967,0.026791561730055997,0.037774003416878553,0.01499549573902517,0.018965234258651709,0.1127,0.1162,0.1367,0.0,0.1439,0.1479,0.24856305313985816,0.51220213234086154,0.42984475783410547,0.5427275998255856,0.13059502544887472,0.074709832916886695,36.0
180,UT,2010,0.3369339367488333,-0.017887500000000001,0.064975000000000005,0.020111150290877573,0.10190573946496224,0.071704176953991075,0.14097512820947306,0.028922020794490483,0.11268449641377659,0.0839,0.2036,0.0004,0.0,0.1408,0.3896,0.0033752491147163422,0.05695494476182926,0.78094944507964204,0.69178101918569068,-0.015780857978377996,-0.0020874768401153922,4.0
181,VA,2010,0.473448622797433,0.11963181818181817,0.14054545454545456,0.047506332245151064,0.12165554780481179,0.069959245425541439,0.074631402511425637,0.025675105226399372,0.063215255090437961,0.0262,0.0262,0.0252,0.0,0.0469,0.0469,0.72315756450765178,0.64105983716048043,0.79060469014435508,0.54878016834479504,0.65306264580909079,0.37297660258599619,11.0
182,WA,2010,0.5412124472348993,-5.5000000000000002e-05,-0.0235,-0.0096762466767135839,-0.00072395910872111884,0.051551069108919823,0.071960182231444347,0.026415730839961255,0.044568690335804607,0.0486,0.0828,0.1537,0.0,0.0912,0.2237,0.5051441127600631,0.77015461264444773,0.54926431451350455,0.78944803956733811,0.38321953895327832,0.55213164842180351,10.0
183,WV,2010,0.3884007061112245,0.00096666666666666656,0.061566666666666665,0.0084362866724207106,0.14382563040372365,0.14455310290670342,0.26380728337483317,0.056881374988850028,0.1826390144886178,0.0844,0.0844,0.0437,0.0,0.3265,0.3265,0.50343209898556263,0.5879803201266568,0.77039216155444812,0.7529918242427277,0.39812879688985797,0.46636479631252264,3.0
184,WI,2010,0.4860722987087287,0.10287499999999999,0.1094625,0.059911860873867656,0.087855787587582376,0.044788363162181696,0.045425542833786525,0.029257223941410275,0.049090142618822823,0.0026,0.0029,0.0044,0.0,0.006,0.0424,0.7292695469667605,0.6577584770061875,0.69765672731021977,0.55135677408721662,0.53426938573973981,0.362178312018691,8.0
